accession	description	length	virus	mol_type	strain	isolation_source	host	db_xref	country	date	author	journal	title	division
LC534419.1	Severe acute respiratory syndrome coronavirus 2 SARS-CoV-2/Hu/Kng/19-437 RNA, complete genome	29874	Severe acute respiratory syndrome coronavirus 2	genomic RNA	SARS-CoV-2/Hu/Kng/19-437	throat swab	Homo sapiens	taxon:2697049	Japan	2020-03-09	Hishiki,T., Suzuki,R., Sakuragi,J., Usui,K., Tanaka,Y., Kawai,J., Kogo,Y., Matsuki,Y., An,T., Hayashizaki,Y. and Takasaki,T.	Unpublished	SARS-CoV-2 isolation from COVID-19 patients and asymptomatic individual	
LC534418.1	Severe acute respiratory syndrome coronavirus 2 SARS-CoV-2/Hu/DP/Kng/19-031 RNA, complete genome	29878	Severe acute respiratory syndrome coronavirus 2	genomic RNA	SARS-CoV-2/Hu/DP/Kng/19-031	sputum	Homo sapiens	taxon:2697049	Japan	2020-02-14	Hishiki,T., Suzuki,R., Sakuragi,J., Usui,K., Tanaka,Y., Kawai,J., Kogo,Y., Matsuki,Y., An,T., Hayashizaki,Y. and Takasaki,T.	Unpublished	SARS-CoV-2 isolation from COVID-19 patients and asymptomatic individual	
MT198652.2	Severe acute respiratory syndrome coronavirus 2 isolate SARS-CoV-2/Valencia003/human/2020/ESP, complete genome	29782	Severe acute respiratory syndrome coronavirus 2	genomic RNA	SARS-CoV-2/Valencia003/human/2020/ESP	tracheal aspirate	Homo sapiens	taxon:2697049	Spain	2020-03-05	Bracho,M.A., D'Auria,G., Navarro,D., de Marco,G., Garcia-Gonzalez,N., Beamud,B. and Gonzalez-Candelas,F.	Unpublished	Analysis of SARS-CoV-2 genome sequences from Comunitat Valenciana (Spain), March 2020	Valencia
MT253710.1	Severe acute respiratory syndrome coronavirus 2 isolate SARS-CoV-2/HZ-91/human/2020/CHN, complete genome	29781	Severe acute respiratory syndrome coronavirus 2	genomic RNA	SARS-CoV-2/HZ-91/human/2020/CHN	sputum	Homo sapiens	taxon:2697049	China	2020-01-21	Liu,Y., Sun,Z., Chen,J. and Wang,X.	Unpublished	A cluster of cases infected with 2019 novel coronavirus during a meeting in Hangzhou, China: epidemiological evidence for person to person transmission	Zhejiang, Hangzhou
MT253709.1	Severe acute respiratory syndrome coronavirus 2 isolate SARS-CoV-2/HZ-90/human/2020/CHN, complete genome	29781	Severe acute respiratory syndrome coronavirus 2	genomic RNA	SARS-CoV-2/HZ-90/human/2020/CHN	sputum	Homo sapiens	taxon:2697049	China	2020-01-21	Liu,Y., Sun,Z., Chen,J. and Wang,X.	Unpublished	A cluster of cases infected with 2019 novel coronavirus during a meeting in Hangzhou, China: epidemiological evidence for person to person transmission	Zhejiang, Hangzhou
MT253708.1	Severe acute respiratory syndrome coronavirus 2 isolate SARS-CoV-2/HZ-79/human/2020/CHN, complete genome	29781	Severe acute respiratory syndrome coronavirus 2	genomic RNA	SARS-CoV-2/HZ-79/human/2020/CHN	sputum	Homo sapiens	taxon:2697049	China	2020-01-21	Liu,Y., Sun,Z., Chen,J. and Wang,X.	Unpublished	A cluster of cases infected with 2019 novel coronavirus during a meeting in Hangzhou, China: epidemiological evidence for person to person transmission	Zhejiang, Hangzhou
MT253707.1	Severe acute respiratory syndrome coronavirus 2 isolate SARS-CoV-2/HZ-638/human/2020/CHN, complete genome	29781	Severe acute respiratory syndrome coronavirus 2	genomic RNA	SARS-CoV-2/HZ-638/human/2020/CHN	sputum	Homo sapiens	taxon:2697049	China	2020-01-25	Liu,Y., Sun,Z., Chen,J. and Wang,X.	Unpublished	A cluster of cases infected with 2019 novel coronavirus during a meeting in Hangzhou, China: epidemiological evidence for person to person transmission	Zhejiang, Hangzhou
MT253706.1	Severe acute respiratory syndrome coronavirus 2 isolate SARS-CoV-2/HZ-62/human/2020/CHN, complete genome	29781	Severe acute respiratory syndrome coronavirus 2	genomic RNA	SARS-CoV-2/HZ-62/human/2020/CHN	sputum	Homo sapiens	taxon:2697049	China	2020-01-22	Liu,Y., Sun,Z., Chen,J. and Wang,X.	Unpublished	A cluster of cases infected with 2019 novel coronavirus during a meeting in Hangzhou, China: epidemiological evidence for person to person transmission	Zhejiang, Hangzhou
MT253705.1	Severe acute respiratory syndrome coronavirus 2 isolate SARS-CoV-2/HZ-60/human/2020/CHN, complete genome	29781	Severe acute respiratory syndrome coronavirus 2	genomic RNA	SARS-CoV-2/HZ-60/human/2020/CHN	sputum	Homo sapiens	taxon:2697049	China	2020-01-22	Liu,Y., Sun,Z., Chen,J. and Wang,X.	Unpublished	A cluster of cases infected with 2019 novel coronavirus during a meeting in Hangzhou, China: epidemiological evidence for person to person transmission	Zhejiang, Hangzhou
MT253704.1	Severe acute respiratory syndrome coronavirus 2 isolate SARS-CoV-2/HZ-576/human/2020/CHN, complete genome	29781	Severe acute respiratory syndrome coronavirus 2	genomic RNA	SARS-CoV-2/HZ-576/human/2020/CHN	sputum	Homo sapiens	taxon:2697049	China	2020-01-25	Liu,Y., Sun,Z., Chen,J. and Wang,X.	Unpublished	A cluster of cases infected with 2019 novel coronavirus during a meeting in Hangzhou, China: epidemiological evidence for person to person transmission	Zhejiang, Hangzhou
MT253703.1	Severe acute respiratory syndrome coronavirus 2 isolate SARS-CoV-2/HZ-551/human/2020/CHN, complete genome	29781	Severe acute respiratory syndrome coronavirus 2	genomic RNA	SARS-CoV-2/HZ-551/human/2020/CHN	sputum	Homo sapiens	taxon:2697049	China	2020-01-25	Liu,Y., Sun,Z., Chen,J. and Wang,X.	Unpublished	A cluster of cases infected with 2019 novel coronavirus during a meeting in Hangzhou, China: epidemiological evidence for person to person transmission	Zhejiang, Hangzhou
MT253702.1	Severe acute respiratory syndrome coronavirus 2 isolate SARS-CoV-2/HZ-49/human/2020/CHN, complete genome	29781	Severe acute respiratory syndrome coronavirus 2	genomic RNA	SARS-CoV-2/HZ-49/human/2020/CHN	sputum	Homo sapiens	taxon:2697049	China	2020-01-21	Liu,Y., Sun,Z., Chen,J. and Wang,X.	Unpublished	A cluster of cases infected with 2019 novel coronavirus during a meeting in Hangzhou, China: epidemiological evidence for person to person transmission	Zhejiang, Hangzhou
MT253701.1	Severe acute respiratory syndrome coronavirus 2 isolate SARS-CoV-2/HZ-48/human/2020/CHN, complete genome	29781	Severe acute respiratory syndrome coronavirus 2	genomic RNA	SARS-CoV-2/HZ-48/human/2020/CHN	sputum	Homo sapiens	taxon:2697049	China	2020-01-21	Liu,Y., Sun,Z., Chen,J. and Wang,X.	Unpublished	A cluster of cases infected with 2019 novel coronavirus during a meeting in Hangzhou, China: epidemiological evidence for person to person transmission	Zhejiang, Hangzhou
MT253700.1	Severe acute respiratory syndrome coronavirus 2 isolate SARS-CoV-2/HZ-481/human/2020/CHN, complete genome	29781	Severe acute respiratory syndrome coronavirus 2	genomic RNA	SARS-CoV-2/HZ-481/human/2020/CHN	sputum	Homo sapiens	taxon:2697049	China	2020-01-25	Liu,Y., Sun,Z., Chen,J. and Wang,X.	Unpublished	A cluster of cases infected with 2019 novel coronavirus during a meeting in Hangzhou, China: epidemiological evidence for person to person transmission	Zhejiang, Hangzhou
MT253699.1	Severe acute respiratory syndrome coronavirus 2 isolate SARS-CoV-2/HZ-477/human/2020/CHN, complete genome	29781	Severe acute respiratory syndrome coronavirus 2	genomic RNA	SARS-CoV-2/HZ-477/human/2020/CHN	sputum	Homo sapiens	taxon:2697049	China	2020-01-24	Liu,Y., Sun,Z., Chen,J. and Wang,X.	Unpublished	A cluster of cases infected with 2019 novel coronavirus during a meeting in Hangzhou, China: epidemiological evidence for person to person transmission	Zhejiang, Hangzhou
MT253698.1	Severe acute respiratory syndrome coronavirus 2 isolate SARS-CoV-2/HZ-185/human/2020/CHN, complete genome	29781	Severe acute respiratory syndrome coronavirus 2	genomic RNA	SARS-CoV-2/HZ-185/human/2020/CHN	sputum	Homo sapiens	taxon:2697049	China	2020-01-23	Liu,Y., Sun,Z., Chen,J. and Wang,X.	Unpublished	A cluster of cases infected with 2019 novel coronavirus during a meeting in Hangzhou, China: epidemiological evidence for person to person transmission	Zhejiang, Hangzhou
MT253697.1	Severe acute respiratory syndrome coronavirus 2 isolate SARS-CoV-2/HZ-178/human/2020/CHN, complete genome	29781	Severe acute respiratory syndrome coronavirus 2	genomic RNA	SARS-CoV-2/HZ-178/human/2020/CHN	sputum	Homo sapiens	taxon:2697049	China	2020-01-23	Liu,Y., Sun,Z., Chen,J. and Wang,X.	Unpublished	A cluster of cases infected with 2019 novel coronavirus during a meeting in Hangzhou, China: epidemiological evidence for person to person transmission	Zhejiang, Hangzhou
MT253696.1	Severe acute respiratory syndrome coronavirus 2 isolate SARS-CoV-2/HZ-162/human/2020/CHN, complete genome	29781	Severe acute respiratory syndrome coronavirus 2	genomic RNA	SARS-CoV-2/HZ-162/human/2020/CHN	sputum	Homo sapiens	taxon:2697049	China	2020-01-23	Liu,Y., Sun,Z., Chen,J. and Wang,X.	Unpublished	A cluster of cases infected with 2019 novel coronavirus during a meeting in Hangzhou, China: epidemiological evidence for person to person transmission	Zhejiang, Hangzhou
MT251980.1	Severe acute respiratory syndrome coronavirus 2 isolate SARS-CoV-2/WA-UW242/human/2020/USA, complete genome	29845	Severe acute respiratory syndrome coronavirus 2	genomic RNA	SARS-CoV-2/WA-UW242/human/2020/USA		Homo sapiens	taxon:2697049	USA	2020-03-13	Roychoudhury,P., Greninger,A. and Jerome,K.	Submitted (26-MAR-2020) Laboratory Medicine, University of Washington, 1100 Fairview Ave N, PO Box 19024, E5-110, Seattle, WA 98109, USA	Direct Submission	WA
MT251979.1	Severe acute respiratory syndrome coronavirus 2 isolate SARS-CoV-2/WA-UW241/human/2020/USA, complete genome	29839	Severe acute respiratory syndrome coronavirus 2	genomic RNA	SARS-CoV-2/WA-UW241/human/2020/USA		Homo sapiens	taxon:2697049	USA	2020-03-14	Roychoudhury,P., Greninger,A. and Jerome,K.	Submitted (26-MAR-2020) Laboratory Medicine, University of Washington, 1100 Fairview Ave N, PO Box 19024, E5-110, Seattle, WA 98109, USA	Direct Submission	WA
MT251978.1	Severe acute respiratory syndrome coronavirus 2 isolate SARS-CoV-2/WA-UW235/human/2020/USA, complete genome	29905	Severe acute respiratory syndrome coronavirus 2	genomic RNA	SARS-CoV-2/WA-UW235/human/2020/USA		Homo sapiens	taxon:2697049	USA	2020-03-14	Roychoudhury,P., Greninger,A. and Jerome,K.	Submitted (26-MAR-2020) Laboratory Medicine, University of Washington, 1100 Fairview Ave N, PO Box 19024, E5-110, Seattle, WA 98109, USA	Direct Submission	WA
MT251977.1	Severe acute respiratory syndrome coronavirus 2 isolate SARS-CoV-2/WA-UW234/human/2020/USA, complete genome	29829	Severe acute respiratory syndrome coronavirus 2	genomic RNA	SARS-CoV-2/WA-UW234/human/2020/USA		Homo sapiens	taxon:2697049	USA	2020-03-14	Roychoudhury,P., Greninger,A. and Jerome,K.	Submitted (26-MAR-2020) Laboratory Medicine, University of Washington, 1100 Fairview Ave N, PO Box 19024, E5-110, Seattle, WA 98109, USA	Direct Submission	WA
MT251976.1	Severe acute respiratory syndrome coronavirus 2 isolate SARS-CoV-2/WA-UW240/human/2020/USA, complete genome	29899	Severe acute respiratory syndrome coronavirus 2	genomic RNA	SARS-CoV-2/WA-UW240/human/2020/USA		Homo sapiens	taxon:2697049	USA	2020-03-14	Roychoudhury,P., Greninger,A. and Jerome,K.	Submitted (26-MAR-2020) Laboratory Medicine, University of Washington, 1100 Fairview Ave N, PO Box 19024, E5-110, Seattle, WA 98109, USA	Direct Submission	WA
MT251975.1	Severe acute respiratory syndrome coronavirus 2 isolate SARS-CoV-2/WA-UW239/human/2020/USA, complete genome	29875	Severe acute respiratory syndrome coronavirus 2	genomic RNA	SARS-CoV-2/WA-UW239/human/2020/USA		Homo sapiens	taxon:2697049	USA	2020-03-14	Roychoudhury,P., Greninger,A. and Jerome,K.	Submitted (26-MAR-2020) Laboratory Medicine, University of Washington, 1100 Fairview Ave N, PO Box 19024, E5-110, Seattle, WA 98109, USA	Direct Submission	WA
MT251974.1	Severe acute respiratory syndrome coronavirus 2 isolate SARS-CoV-2/WA-UW238/human/2020/USA, complete genome	29852	Severe acute respiratory syndrome coronavirus 2	genomic RNA	SARS-CoV-2/WA-UW238/human/2020/USA		Homo sapiens	taxon:2697049	USA	2020-03-12	Roychoudhury,P., Greninger,A. and Jerome,K.	Submitted (26-MAR-2020) Laboratory Medicine, University of Washington, 1100 Fairview Ave N, PO Box 19024, E5-110, Seattle, WA 98109, USA	Direct Submission	WA
MT251973.1	Severe acute respiratory syndrome coronavirus 2 isolate SARS-CoV-2/WA-UW237/human/2020/USA, complete genome	29871	Severe acute respiratory syndrome coronavirus 2	genomic RNA	SARS-CoV-2/WA-UW237/human/2020/USA		Homo sapiens	taxon:2697049	USA	2020-03-14	Roychoudhury,P., Greninger,A. and Jerome,K.	Submitted (26-MAR-2020) Laboratory Medicine, University of Washington, 1100 Fairview Ave N, PO Box 19024, E5-110, Seattle, WA 98109, USA	Direct Submission	WA
MT251972.1	Severe acute respiratory syndrome coronavirus 2 isolate SARS-CoV-2/WA-UW236/human/2020/USA, complete genome	29861	Severe acute respiratory syndrome coronavirus 2	genomic RNA	SARS-CoV-2/WA-UW236/human/2020/USA		Homo sapiens	taxon:2697049	USA	2020-03-14	Roychoudhury,P., Greninger,A. and Jerome,K.	Submitted (26-MAR-2020) Laboratory Medicine, University of Washington, 1100 Fairview Ave N, PO Box 19024, E5-110, Seattle, WA 98109, USA	Direct Submission	WA
MT246490.1	Severe acute respiratory syndrome coronavirus 2 isolate SARS-CoV-2/WA-UW233/human/2020/USA, complete genome	29850	Severe acute respiratory syndrome coronavirus 2	genomic RNA	SARS-CoV-2/WA-UW233/human/2020/USA		Homo sapiens	taxon:2697049	USA	2020-03-15	Roychoudhury,P., Greninger,A. and Jerome,K.	Submitted (24-MAR-2020) Laboratory Medicine, University of Washington, 1100 Fairview Ave N, PO Box 19024, E5-110, Seattle, WA 98109, USA	Direct Submission	WA
MT246489.1	Severe acute respiratory syndrome coronavirus 2 isolate SARS-CoV-2/WA-UW232/human/2020/USA, complete genome	29864	Severe acute respiratory syndrome coronavirus 2	genomic RNA	SARS-CoV-2/WA-UW232/human/2020/USA		Homo sapiens	taxon:2697049	USA	2020-03-14	Roychoudhury,P., Greninger,A. and Jerome,K.	Submitted (24-MAR-2020) Laboratory Medicine, University of Washington, 1100 Fairview Ave N, PO Box 19024, E5-110, Seattle, WA 98109, USA	Direct Submission	WA
MT246488.1	Severe acute respiratory syndrome coronavirus 2 isolate SARS-CoV-2/WA-UW231/human/2020/USA, complete genome	29842	Severe acute respiratory syndrome coronavirus 2	genomic RNA	SARS-CoV-2/WA-UW231/human/2020/USA		Homo sapiens	taxon:2697049	USA	2020-03-14	Roychoudhury,P., Greninger,A. and Jerome,K.	Submitted (24-MAR-2020) Laboratory Medicine, University of Washington, 1100 Fairview Ave N, PO Box 19024, E5-110, Seattle, WA 98109, USA	Direct Submission	WA
MT246487.1	Severe acute respiratory syndrome coronavirus 2 isolate SARS-CoV-2/WA-UW230/human/2020/USA, complete genome	29883	Severe acute respiratory syndrome coronavirus 2	genomic RNA	SARS-CoV-2/WA-UW230/human/2020/USA		Homo sapiens	taxon:2697049	USA	2020-03-15	Roychoudhury,P., Greninger,A. and Jerome,K.	Submitted (24-MAR-2020) Laboratory Medicine, University of Washington, 1100 Fairview Ave N, PO Box 19024, E5-110, Seattle, WA 98109, USA	Direct Submission	WA
MT246486.1	Severe acute respiratory syndrome coronavirus 2 isolate SARS-CoV-2/WA-UW229/human/2020/USA, complete genome	29867	Severe acute respiratory syndrome coronavirus 2	genomic RNA	SARS-CoV-2/WA-UW229/human/2020/USA		Homo sapiens	taxon:2697049	USA	2020-03-14	Roychoudhury,P., Greninger,A. and Jerome,K.	Submitted (24-MAR-2020) Laboratory Medicine, University of Washington, 1100 Fairview Ave N, PO Box 19024, E5-110, Seattle, WA 98109, USA	Direct Submission	WA
MT246485.1	Severe acute respiratory syndrome coronavirus 2 isolate SARS-CoV-2/WA-UW228/human/2020/USA, complete genome	29775	Severe acute respiratory syndrome coronavirus 2	genomic RNA	SARS-CoV-2/WA-UW228/human/2020/USA		Homo sapiens	taxon:2697049	USA	2020-03-15	Roychoudhury,P., Greninger,A. and Jerome,K.	Submitted (24-MAR-2020) Laboratory Medicine, University of Washington, 1100 Fairview Ave N, PO Box 19024, E5-110, Seattle, WA 98109, USA	Direct Submission	WA
MT246484.1	Severe acute respiratory syndrome coronavirus 2 isolate SARS-CoV-2/WA-UW227/human/2020/USA, complete genome	29870	Severe acute respiratory syndrome coronavirus 2	genomic RNA	SARS-CoV-2/WA-UW227/human/2020/USA		Homo sapiens	taxon:2697049	USA	2020-03-15	Roychoudhury,P., Greninger,A. and Jerome,K.	Submitted (24-MAR-2020) Laboratory Medicine, University of Washington, 1100 Fairview Ave N, PO Box 19024, E5-110, Seattle, WA 98109, USA	Direct Submission	WA
MT246483.1	Severe acute respiratory syndrome coronavirus 2 isolate SARS-CoV-2/WA-UW226/human/2020/USA, partial genome	29765	Severe acute respiratory syndrome coronavirus 2	genomic RNA	SARS-CoV-2/WA-UW226/human/2020/USA		Homo sapiens	taxon:2697049	USA	2020-03-15	Roychoudhury,P., Greninger,A. and Jerome,K.	Submitted (24-MAR-2020) Laboratory Medicine, University of Washington, 1100 Fairview Ave N, PO Box 19024, E5-110, Seattle, WA 98109, USA	Direct Submission	WA
MT246482.1	Severe acute respiratory syndrome coronavirus 2 isolate SARS-CoV-2/WA-UW225/human/2020/USA, complete genome	29844	Severe acute respiratory syndrome coronavirus 2	genomic RNA	SARS-CoV-2/WA-UW225/human/2020/USA		Homo sapiens	taxon:2697049	USA	2020-03-15	Roychoudhury,P., Greninger,A. and Jerome,K.	Submitted (24-MAR-2020) Laboratory Medicine, University of Washington, 1100 Fairview Ave N, PO Box 19024, E5-110, Seattle, WA 98109, USA	Direct Submission	WA
MT246481.1	Severe acute respiratory syndrome coronavirus 2 isolate SARS-CoV-2/WA-UW224/human/2020/USA, complete genome	29873	Severe acute respiratory syndrome coronavirus 2	genomic RNA	SARS-CoV-2/WA-UW224/human/2020/USA		Homo sapiens	taxon:2697049	USA	2020-03-13	Roychoudhury,P., Greninger,A. and Jerome,K.	Submitted (24-MAR-2020) Laboratory Medicine, University of Washington, 1100 Fairview Ave N, PO Box 19024, E5-110, Seattle, WA 98109, USA	Direct Submission	WA
MT246480.1	Severe acute respiratory syndrome coronavirus 2 isolate SARS-CoV-2/WA-UW223/human/2020/USA, complete genome	29904	Severe acute respiratory syndrome coronavirus 2	genomic RNA	SARS-CoV-2/WA-UW223/human/2020/USA		Homo sapiens	taxon:2697049	USA	2020-03-13	Roychoudhury,P., Greninger,A. and Jerome,K.	Submitted (24-MAR-2020) Laboratory Medicine, University of Washington, 1100 Fairview Ave N, PO Box 19024, E5-110, Seattle, WA 98109, USA	Direct Submission	WA
MT246479.1	Severe acute respiratory syndrome coronavirus 2 isolate SARS-CoV-2/WA-UW222/human/2020/USA, complete genome	29828	Severe acute respiratory syndrome coronavirus 2	genomic RNA	SARS-CoV-2/WA-UW222/human/2020/USA		Homo sapiens	taxon:2697049	USA	2020-03-13	Roychoudhury,P., Greninger,A. and Jerome,K.	Submitted (24-MAR-2020) Laboratory Medicine, University of Washington, 1100 Fairview Ave N, PO Box 19024, E5-110, Seattle, WA 98109, USA	Direct Submission	WA
MT246478.1	Severe acute respiratory syndrome coronavirus 2 isolate SARS-CoV-2/WA-UW221/human/2020/USA, complete genome	29889	Severe acute respiratory syndrome coronavirus 2	genomic RNA	SARS-CoV-2/WA-UW221/human/2020/USA		Homo sapiens	taxon:2697049	USA	2020-03-14	Roychoudhury,P., Greninger,A. and Jerome,K.	Submitted (24-MAR-2020) Laboratory Medicine, University of Washington, 1100 Fairview Ave N, PO Box 19024, E5-110, Seattle, WA 98109, USA	Direct Submission	WA
MT246477.1	Severe acute respiratory syndrome coronavirus 2 isolate SARS-CoV-2/WA-UW220/human/2020/USA, complete genome	29886	Severe acute respiratory syndrome coronavirus 2	genomic RNA	SARS-CoV-2/WA-UW220/human/2020/USA		Homo sapiens	taxon:2697049	USA	2020-03-14	Roychoudhury,P., Greninger,A. and Jerome,K.	Submitted (24-MAR-2020) Laboratory Medicine, University of Washington, 1100 Fairview Ave N, PO Box 19024, E5-110, Seattle, WA 98109, USA	Direct Submission	WA
MT246476.1	Severe acute respiratory syndrome coronavirus 2 isolate SARS-CoV-2/WA-UW219/human/2020/USA, complete genome	29863	Severe acute respiratory syndrome coronavirus 2	genomic RNA	SARS-CoV-2/WA-UW219/human/2020/USA		Homo sapiens	taxon:2697049	USA	2020-03-13	Roychoudhury,P., Greninger,A. and Jerome,K.	Submitted (24-MAR-2020) Laboratory Medicine, University of Washington, 1100 Fairview Ave N, PO Box 19024, E5-110, Seattle, WA 98109, USA	Direct Submission	WA
MT246475.1	Severe acute respiratory syndrome coronavirus 2 isolate SARS-CoV-2/WA-UW218/human/2020/USA, complete genome	29877	Severe acute respiratory syndrome coronavirus 2	genomic RNA	SARS-CoV-2/WA-UW218/human/2020/USA		Homo sapiens	taxon:2697049	USA	2020-03-13	Roychoudhury,P., Greninger,A. and Jerome,K.	Submitted (24-MAR-2020) Laboratory Medicine, University of Washington, 1100 Fairview Ave N, PO Box 19024, E5-110, Seattle, WA 98109, USA	Direct Submission	WA
MT246474.1	Severe acute respiratory syndrome coronavirus 2 isolate SARS-CoV-2/WA-UW217/human/2020/USA, complete genome	29884	Severe acute respiratory syndrome coronavirus 2	genomic RNA	SARS-CoV-2/WA-UW217/human/2020/USA		Homo sapiens	taxon:2697049	USA	2020-03-14	Roychoudhury,P., Greninger,A. and Jerome,K.	Submitted (24-MAR-2020) Laboratory Medicine, University of Washington, 1100 Fairview Ave N, PO Box 19024, E5-110, Seattle, WA 98109, USA	Direct Submission	WA
MT246473.1	Severe acute respiratory syndrome coronavirus 2 isolate SARS-CoV-2/WA-UW216/human/2020/USA, complete genome	29825	Severe acute respiratory syndrome coronavirus 2	genomic RNA	SARS-CoV-2/WA-UW216/human/2020/USA		Homo sapiens	taxon:2697049	USA	2020-03-14	Roychoudhury,P., Greninger,A. and Jerome,K.	Submitted (24-MAR-2020) Laboratory Medicine, University of Washington, 1100 Fairview Ave N, PO Box 19024, E5-110, Seattle, WA 98109, USA	Direct Submission	WA
MT246472.1	Severe acute respiratory syndrome coronavirus 2 isolate SARS-CoV-2/WA-UW215/human/2020/USA, complete genome	29810	Severe acute respiratory syndrome coronavirus 2	genomic RNA	SARS-CoV-2/WA-UW215/human/2020/USA		Homo sapiens	taxon:2697049	USA	2020-03-12	Roychoudhury,P., Greninger,A. and Jerome,K.	Submitted (24-MAR-2020) Laboratory Medicine, University of Washington, 1100 Fairview Ave N, PO Box 19024, E5-110, Seattle, WA 98109, USA	Direct Submission	WA
MT246471.1	Severe acute respiratory syndrome coronavirus 2 isolate SARS-CoV-2/WA-UW214/human/2020/USA, complete genome	29871	Severe acute respiratory syndrome coronavirus 2	genomic RNA	SARS-CoV-2/WA-UW214/human/2020/USA		Homo sapiens	taxon:2697049	USA	2020-03-14	Roychoudhury,P., Greninger,A. and Jerome,K.	Submitted (24-MAR-2020) Laboratory Medicine, University of Washington, 1100 Fairview Ave N, PO Box 19024, E5-110, Seattle, WA 98109, USA	Direct Submission	WA
MT246470.1	Severe acute respiratory syndrome coronavirus 2 isolate SARS-CoV-2/WA-UW213/human/2020/USA, complete genome	29860	Severe acute respiratory syndrome coronavirus 2	genomic RNA	SARS-CoV-2/WA-UW213/human/2020/USA		Homo sapiens	taxon:2697049	USA	2020-03-13	Roychoudhury,P., Greninger,A. and Jerome,K.	Submitted (24-MAR-2020) Laboratory Medicine, University of Washington, 1100 Fairview Ave N, PO Box 19024, E5-110, Seattle, WA 98109, USA	Direct Submission	WA
MT246469.1	Severe acute respiratory syndrome coronavirus 2 isolate SARS-CoV-2/WA-UW212/human/2020/USA, complete genome	29869	Severe acute respiratory syndrome coronavirus 2	genomic RNA	SARS-CoV-2/WA-UW212/human/2020/USA		Homo sapiens	taxon:2697049	USA	2020-03-14	Roychoudhury,P., Greninger,A. and Jerome,K.	Submitted (24-MAR-2020) Laboratory Medicine, University of Washington, 1100 Fairview Ave N, PO Box 19024, E5-110, Seattle, WA 98109, USA	Direct Submission	WA
MT246468.1	Severe acute respiratory syndrome coronavirus 2 isolate SARS-CoV-2/WA-UW211/human/2020/USA, complete genome	29843	Severe acute respiratory syndrome coronavirus 2	genomic RNA	SARS-CoV-2/WA-UW211/human/2020/USA		Homo sapiens	taxon:2697049	USA	2020-03-14	Roychoudhury,P., Greninger,A. and Jerome,K.	Submitted (24-MAR-2020) Laboratory Medicine, University of Washington, 1100 Fairview Ave N, PO Box 19024, E5-110, Seattle, WA 98109, USA	Direct Submission	WA
MT246467.1	Severe acute respiratory syndrome coronavirus 2 isolate SARS-CoV-2/WA-UW210/human/2020/USA, complete genome	29899	Severe acute respiratory syndrome coronavirus 2	genomic RNA	SARS-CoV-2/WA-UW210/human/2020/USA		Homo sapiens	taxon:2697049	USA	2020-03-14	Roychoudhury,P., Greninger,A. and Jerome,K.	Submitted (24-MAR-2020) Laboratory Medicine, University of Washington, 1100 Fairview Ave N, PO Box 19024, E5-110, Seattle, WA 98109, USA	Direct Submission	WA
MT246466.1	Severe acute respiratory syndrome coronavirus 2 isolate SARS-CoV-2/WA-UW209/human/2020/USA, complete genome	29897	Severe acute respiratory syndrome coronavirus 2	genomic RNA	SARS-CoV-2/WA-UW209/human/2020/USA		Homo sapiens	taxon:2697049	USA	2020-03-13	Roychoudhury,P., Greninger,A. and Jerome,K.	Submitted (24-MAR-2020) Laboratory Medicine, University of Washington, 1100 Fairview Ave N, PO Box 19024, E5-110, Seattle, WA 98109, USA	Direct Submission	WA
MT246465.1	Severe acute respiratory syndrome coronavirus 2 isolate SARS-CoV-2/WA-UW208/human/2020/USA, partial genome	29781	Severe acute respiratory syndrome coronavirus 2	genomic RNA	SARS-CoV-2/WA-UW208/human/2020/USA		Homo sapiens	taxon:2697049	USA	2020-03-13	Roychoudhury,P., Greninger,A. and Jerome,K.	Submitted (24-MAR-2020) Laboratory Medicine, University of Washington, 1100 Fairview Ave N, PO Box 19024, E5-110, Seattle, WA 98109, USA	Direct Submission	WA
MT246464.1	Severe acute respiratory syndrome coronavirus 2 isolate SARS-CoV-2/WA-UW207/human/2020/USA, complete genome	29818	Severe acute respiratory syndrome coronavirus 2	genomic RNA	SARS-CoV-2/WA-UW207/human/2020/USA		Homo sapiens	taxon:2697049	USA	2020-03-13	Roychoudhury,P., Greninger,A. and Jerome,K.	Submitted (24-MAR-2020) Laboratory Medicine, University of Washington, 1100 Fairview Ave N, PO Box 19024, E5-110, Seattle, WA 98109, USA	Direct Submission	WA
MT246463.1	Severe acute respiratory syndrome coronavirus 2 isolate SARS-CoV-2/WA-UW206/human/2020/USA, partial genome	29782	Severe acute respiratory syndrome coronavirus 2	genomic RNA	SARS-CoV-2/WA-UW206/human/2020/USA		Homo sapiens	taxon:2697049	USA	2020-03-13	Roychoudhury,P., Greninger,A. and Jerome,K.	Submitted (24-MAR-2020) Laboratory Medicine, University of Washington, 1100 Fairview Ave N, PO Box 19024, E5-110, Seattle, WA 98109, USA	Direct Submission	WA
MT246462.1	Severe acute respiratory syndrome coronavirus 2 isolate SARS-CoV-2/WA-UW205/human/2020/USA, complete genome	29903	Severe acute respiratory syndrome coronavirus 2	genomic RNA	SARS-CoV-2/WA-UW205/human/2020/USA		Homo sapiens	taxon:2697049	USA	2020-03-13	Roychoudhury,P., Greninger,A. and Jerome,K.	Submitted (24-MAR-2020) Laboratory Medicine, University of Washington, 1100 Fairview Ave N, PO Box 19024, E5-110, Seattle, WA 98109, USA	Direct Submission	WA
MT246461.1	Severe acute respiratory syndrome coronavirus 2 isolate SARS-CoV-2/WA-UW204/human/2020/USA, complete genome	29877	Severe acute respiratory syndrome coronavirus 2	genomic RNA	SARS-CoV-2/WA-UW204/human/2020/USA		Homo sapiens	taxon:2697049	USA	2020-03-13	Roychoudhury,P., Greninger,A. and Jerome,K.	Submitted (24-MAR-2020) Laboratory Medicine, University of Washington, 1100 Fairview Ave N, PO Box 19024, E5-110, Seattle, WA 98109, USA	Direct Submission	WA
MT246460.1	Severe acute respiratory syndrome coronavirus 2 isolate SARS-CoV-2/WA-UW203/human/2020/USA, complete genome	29917	Severe acute respiratory syndrome coronavirus 2	genomic RNA	SARS-CoV-2/WA-UW203/human/2020/USA		Homo sapiens	taxon:2697049	USA	2020-03-12	Roychoudhury,P., Greninger,A. and Jerome,K.	Submitted (24-MAR-2020) Laboratory Medicine, University of Washington, 1100 Fairview Ave N, PO Box 19024, E5-110, Seattle, WA 98109, USA	Direct Submission	WA
MT246459.1	Severe acute respiratory syndrome coronavirus 2 isolate SARS-CoV-2/WA-UW202/human/2020/USA, complete genome	29909	Severe acute respiratory syndrome coronavirus 2	genomic RNA	SARS-CoV-2/WA-UW202/human/2020/USA		Homo sapiens	taxon:2697049	USA	2020-03-12	Roychoudhury,P., Greninger,A. and Jerome,K.	Submitted (24-MAR-2020) Laboratory Medicine, University of Washington, 1100 Fairview Ave N, PO Box 19024, E5-110, Seattle, WA 98109, USA	Direct Submission	WA
MT246458.1	Severe acute respiratory syndrome coronavirus 2 isolate SARS-CoV-2/WA-UW201/human/2020/USA, complete genome	29765	Severe acute respiratory syndrome coronavirus 2	genomic RNA	SARS-CoV-2/WA-UW201/human/2020/USA		Homo sapiens	taxon:2697049	USA	2020-03-12	Roychoudhury,P., Greninger,A. and Jerome,K.	Submitted (24-MAR-2020) Laboratory Medicine, University of Washington, 1100 Fairview Ave N, PO Box 19024, E5-110, Seattle, WA 98109, USA	Direct Submission	WA
MT246457.1	Severe acute respiratory syndrome coronavirus 2 isolate SARS-CoV-2/WA-UW200/human/2020/USA, complete genome	29843	Severe acute respiratory syndrome coronavirus 2	genomic RNA	SARS-CoV-2/WA-UW200/human/2020/USA		Homo sapiens	taxon:2697049	USA	2020-03-12	Roychoudhury,P., Greninger,A. and Jerome,K.	Submitted (24-MAR-2020) Laboratory Medicine, University of Washington, 1100 Fairview Ave N, PO Box 19024, E5-110, Seattle, WA 98109, USA	Direct Submission	WA
MT246456.1	Severe acute respiratory syndrome coronavirus 2 isolate SARS-CoV-2/WA-UW199/human/2020/USA, complete genome	29846	Severe acute respiratory syndrome coronavirus 2	genomic RNA	SARS-CoV-2/WA-UW199/human/2020/USA		Homo sapiens	taxon:2697049	USA	2020-03-13	Roychoudhury,P., Greninger,A. and Jerome,K.	Submitted (24-MAR-2020) Laboratory Medicine, University of Washington, 1100 Fairview Ave N, PO Box 19024, E5-110, Seattle, WA 98109, USA	Direct Submission	WA
MT246455.1	Severe acute respiratory syndrome coronavirus 2 isolate SARS-CoV-2/WA-UW198/human/2020/USA, complete genome	29857	Severe acute respiratory syndrome coronavirus 2	genomic RNA	SARS-CoV-2/WA-UW198/human/2020/USA		Homo sapiens	taxon:2697049	USA	2020-03-12	Roychoudhury,P., Greninger,A. and Jerome,K.	Submitted (24-MAR-2020) Laboratory Medicine, University of Washington, 1100 Fairview Ave N, PO Box 19024, E5-110, Seattle, WA 98109, USA	Direct Submission	WA
MT246454.1	Severe acute respiratory syndrome coronavirus 2 isolate SARS-CoV-2/WA-UW197/human/2020/USA, complete genome	29892	Severe acute respiratory syndrome coronavirus 2	genomic RNA	SARS-CoV-2/WA-UW197/human/2020/USA		Homo sapiens	taxon:2697049	USA	2020-03-12	Roychoudhury,P., Greninger,A. and Jerome,K.	Submitted (24-MAR-2020) Laboratory Medicine, University of Washington, 1100 Fairview Ave N, PO Box 19024, E5-110, Seattle, WA 98109, USA	Direct Submission	WA
MT246453.1	Severe acute respiratory syndrome coronavirus 2 isolate SARS-CoV-2/WA-UW196/human/2020/USA, complete genome	29823	Severe acute respiratory syndrome coronavirus 2	genomic RNA	SARS-CoV-2/WA-UW196/human/2020/USA		Homo sapiens	taxon:2697049	USA	2020-03-13	Roychoudhury,P., Greninger,A. and Jerome,K.	Submitted (24-MAR-2020) Laboratory Medicine, University of Washington, 1100 Fairview Ave N, PO Box 19024, E5-110, Seattle, WA 98109, USA	Direct Submission	WA
MT246452.1	Severe acute respiratory syndrome coronavirus 2 isolate SARS-CoV-2/WA-UW195/human/2020/USA, complete genome	29888	Severe acute respiratory syndrome coronavirus 2	genomic RNA	SARS-CoV-2/WA-UW195/human/2020/USA		Homo sapiens	taxon:2697049	USA	2020-03-13	Roychoudhury,P., Greninger,A. and Jerome,K.	Submitted (24-MAR-2020) Laboratory Medicine, University of Washington, 1100 Fairview Ave N, PO Box 19024, E5-110, Seattle, WA 98109, USA	Direct Submission	WA
MT246451.1	Severe acute respiratory syndrome coronavirus 2 isolate SARS-CoV-2/WA-UW194/human/2020/USA, complete genome	29868	Severe acute respiratory syndrome coronavirus 2	genomic RNA	SARS-CoV-2/WA-UW194/human/2020/USA		Homo sapiens	taxon:2697049	USA	2020-03-13	Roychoudhury,P., Greninger,A. and Jerome,K.	Submitted (24-MAR-2020) Laboratory Medicine, University of Washington, 1100 Fairview Ave N, PO Box 19024, E5-110, Seattle, WA 98109, USA	Direct Submission	WA
MT246450.1	Severe acute respiratory syndrome coronavirus 2 isolate SARS-CoV-2/WA-UW193/human/2020/USA, complete genome	29872	Severe acute respiratory syndrome coronavirus 2	genomic RNA	SARS-CoV-2/WA-UW193/human/2020/USA		Homo sapiens	taxon:2697049	USA	2020-03-13	Roychoudhury,P., Greninger,A. and Jerome,K.	Submitted (24-MAR-2020) Laboratory Medicine, University of Washington, 1100 Fairview Ave N, PO Box 19024, E5-110, Seattle, WA 98109, USA	Direct Submission	WA
MT246449.1	Severe acute respiratory syndrome coronavirus 2 isolate SARS-CoV-2/WA-UW192/human/2020/USA, complete genome	29828	Severe acute respiratory syndrome coronavirus 2	genomic RNA	SARS-CoV-2/WA-UW192/human/2020/USA		Homo sapiens	taxon:2697049	USA	2020-03-13	Roychoudhury,P., Greninger,A. and Jerome,K.	Submitted (24-MAR-2020) Laboratory Medicine, University of Washington, 1100 Fairview Ave N, PO Box 19024, E5-110, Seattle, WA 98109, USA	Direct Submission	WA
MT246667.1	Severe acute respiratory syndrome coronavirus 2 strain FDAARGOS_983 isolate 2019-nCoV/USA-WA1/2020, complete genome	29867	Severe acute respiratory syndrome coronavirus 2	genomic RNA	FDAARGOS_983	oropharyngeal swab	Homo sapiens	taxon:2697049	USA	2020-01-19	Thornburg,N., Bradford,R., Rashid,S., Flores,B., Parker,M., Tallon,L., Sadzewicz,L., Ott,S., Vavikolanu,K., Nadendla,S. and Sichtig,H.	Unpublished	FDA dAtabase for Regulatory Grade micrObial Sequences (FDA-ARGOS): Supporting development and validation of Infectious Disease Dx tests	WA
MT233526.1	Severe acute respiratory syndrome coronavirus 2 strain FDAARGOS_983 isolate 2019-nCoV/USA-WA1/2020, complete genome	29847	Severe acute respiratory syndrome coronavirus 2	genomic RNA	FDAARGOS_983/MT233526.1	oropharyngeal swab	Homo sapiens	taxon:2697049	USA	2020-01-19	Thornburg,N., Bradford,R., Rashid,S., Flores,B., Parker,M., Tallon,L., Sadzewicz,L., Ott,S., Vavikolanu,K., Nadendla,S. and Sichtig,H.	Unpublished	FDA dAtabase for Regulatory Grade micrObial Sequences (FDA-ARGOS): Supporting development and validation of Infectious Disease Dx tests	WA
MT240479.1	Severe acute respiratory syndrome coronavirus 2 isolate SARS-CoV-2/Gilgit1/human/2020/PAK, complete genome	29836	Severe acute respiratory syndrome coronavirus 2	genomic RNA	SARS-CoV-2/Gilgit1/human/2020/PAK	Throat Swab	Homo sapiens; female; age 40	taxon:2697049	Pakistan	2020-03-04	Javed,A., Niazi,S.K., Ghani,E., Saqib,M., Janjua,H.A., Corman,V.M. and Zohaib,A.	Submitted (25-MAR-2020) Department of Healthcare Biotechnology, National University of Sciences and Technology (NUST), Islamabad, Islamabad 46000, Pakistan	Direct Submission	Gilgit
MT226610.1	Severe acute respiratory syndrome coronavirus 2 isolate SARS-CoV-2/KMS1/human/2020/CHN, complete genome	29899	Severe acute respiratory syndrome coronavirus 2	genomic RNA	SARS-CoV-2/KMS1/human/2020/CHN	respiratory secretion	Homo sapiens	taxon:2697049	China	2020-01-20	Xu,X., Liao,Y., Wang,L., Zhou,X., Xie,Z., Chen,H., Fan,S., Liu,L., Zheng,H., Jiang,G. and Li,Q.	Submitted (20-MAR-2020) Institute of Medical Biology, Chinese Academy of Medical Sciences and Peking Union Medical College, No. 935, Jiao Ling Road, Kunming, Yunnan 650118, China	Direct Submission	
MN985325.1	Severe acute respiratory syndrome coronavirus 2 isolate 2019-nCoV/USA-WA1/2020, complete genome	29882	Severe acute respiratory syndrome coronavirus 2	genomic RNA	2019-nCoV/USA-WA1/2020	oropharyngeal swab	Homo sapiens	taxon:2697049	USA	2020-01-19	Harcourt,J., Tamin,A., Lu,X., Kamili,S., Sakthivel,S.K., Murray,J., Queen,K., Tao,Y., Paden,C.R., Zhang,J., Li,Y., Uehara,A., Wang,H., Goldsmith,C., Bullock,H.A., Wang,L., Whitaker,B., Lynch,B., Gautam,R., Schindewolf,C., Lokugamage,K.G., Scharton,D., Plante,J.A., Mirchandani,D., Widen,S.G., Narayanan,K., Makino,S., Ksiazek,T.G., Plante,K.S., Weaver,S.C., Lindstrom,S., Tong,S., Menachery,V.D. and Thornburg,N.J.	Emerging Infect. Dis. 26 (6) (2020) In press	Severe Acute Respiratory Syndrome Coronavirus 2 from Patient with 2019 Novel Coronavirus Disease, United States	
MT233523.1	Severe acute respiratory syndrome coronavirus 2 isolate SARS-CoV-2/Valencia8/human/2020/ESP, complete genome	29782	Severe acute respiratory syndrome coronavirus 2	genomic RNA	SARS-CoV-2/Valencia8/human/2020/ESP	naso-pharyngeal exudate	Homo sapiens	taxon:2697049	Spain	2020-03-04	Bracho,M.A., D'Auria,G., Gimeno,C., Ocete,M.D., De Marco,G., Garcia-Gonzalez,N., Beamud,B. and Gonzalez-Candelas,F.	Unpublished	Analysis of SARS-CoV-2 genome sequences from Comunitat Valenciana (Spain), March 2020	Valencia
MT233522.1	Severe acute respiratory syndrome coronavirus 2 isolate SARS-CoV-2/Valencia7/human/2020/ESP, complete genome	29782	Severe acute respiratory syndrome coronavirus 2	genomic RNA	SARS-CoV-2/Valencia7/human/2020/ESP	naso-pharyngeal exudate	Homo sapiens	taxon:2697049	Spain	2020-03-02	Bracho,M.A., D'Auria,G., Gimeno,C., Ocete,M.D., De Marco,G., Garcia-Gonzalez,N., Beamud,B. and Gonzalez-Candelas,F.	Unpublished	Analysis of SARS-CoV-2 genome sequences from Comunitat Valenciana (Spain), March 2020	Valencia
MT233521.1	Severe acute respiratory syndrome coronavirus 2 isolate SARS-CoV-2/Valencia6/human/2020/ESP, partial genome	29782	Severe acute respiratory syndrome coronavirus 2	genomic RNA	SARS-CoV-2/Valencia6/human/2020/ESP	nasopharyngeal aspirate	Homo sapiens	taxon:2697049	Spain	2020-02-27	Bracho,M.A., D'Auria,G., Gimeno,C., Ocete,M.D., De Marco,G., Garcia-Gonzalez,N., Beamud,B. and Gonzalez-Candelas,F.	Unpublished	Analysis of SARS-CoV-2 genome sequences from Comunitat Valenciana (Spain), March 2020	Valencia
MT233520.1	Severe acute respiratory syndrome coronavirus 2 isolate SARS-CoV-2/Valencia4/human/2020/ESP, partial genome	29782	Severe acute respiratory syndrome coronavirus 2	genomic RNA	SARS-CoV-2/Valencia4/human/2020/ESP	naso-pharyngeal exudate	Homo sapiens	taxon:2697049	Spain	2020-02-26	Bracho,M.A., D'Auria,G., Gimeno,C., Ocete,M.D., De Marco,G., Garcia-Gonzalez,N., Beamud,B. and Gonzalez-Candelas,F.	Unpublished	Analysis of SARS-CoV-2 genome sequences from Comunitat Valenciana (Spain), March 2020	Valencia
MT233519.1	Severe acute respiratory syndrome coronavirus 2 isolate SARS-CoV-2/Valencia5/human/2020/ESP, complete genome	29782	Severe acute respiratory syndrome coronavirus 2	genomic RNA	SARS-CoV-2/Valencia5/human/2020/ESP	naso-pharyngeal exudate	Homo sapiens	taxon:2697049	Spain	2020-02-27	Bracho,M.A., D'Auria,G., Gimeno,C., Ocete,M.D., De Marco,G., Garcia-Gonzalez,N., Beamud,B. and Gonzalez-Candelas,F.	Unpublished	Analysis of SARS-CoV-2 genome sequences from Comunitat Valenciana (Spain), March 2020	Valencia
MT020781.2	Severe acute respiratory syndrome coronavirus 2 isolate nCoV-FIN-29-Jan-2020, partial genome	29806	Severe acute respiratory syndrome coronavirus 2	genomic RNA	nCoV-FIN-29-Jan-2020		Homo sapiens	taxon:2697049	Finland	2020-01-29	Smura,T., Kuivanen,S., Broas,M., Peltola,J., Kallio-Kokko,H. and Vapalahti,O.	Unpublished	2019-nCoV Finland	
MT198653.1	Severe acute respiratory syndrome coronavirus 2 isolate SARS-CoV-2/Valencia001/human/2020/ESP, partial genome	29611	Severe acute respiratory syndrome coronavirus 2	genomic RNA	SARS-CoV-2/Valencia001/human/2020/ESP	nasopharyngeal aspirate	Homo sapiens	taxon:2697049	Spain	2020-03-08	Bracho,M.A., D'Auria,G., Navarro,D., de Marco,G., Garcia-Gonzalez,N., Beamud,B. and Gonzalez-Candelas,F.	Unpublished	Analysis of SARS-CoV-2 genome sequences from Comunitat Valenciana (Spain), March 2020	Valencia
MT198651.1	Severe acute respiratory syndrome coronavirus 2 isolate SARS-CoV-2/Valencia002/human/2020/ESP, partial genome	29611	Severe acute respiratory syndrome coronavirus 2	genomic RNA	SARS-CoV-2/Valencia002/human/2020/ESP	nasopharyngeal aspirate	Homo sapiens	taxon:2697049	Spain	2020-03-04	Bracho,M.A., D'Auria,G., Navarro,D., de Marco,G., Garcia-Gonzalez,N., Beamud,B. and Gonzalez-Candelas,F.	Unpublished	Analysis of SARS-CoV-2 genome sequences from Comunitat Valenciana (Spain), March 2020	Valencia
MT192773.1	Severe acute respiratory syndrome coronavirus 2 isolate SARS-CoV-2/nCoV-19-02S/human/2020/VNM, complete genome	29890	Severe acute respiratory syndrome coronavirus 2	genomic RNA	SARS-CoV-2/nCoV-19-02S/human/2020/VNM	oro-pharyngeal	Homo sapiens	taxon:2697049	Viet Nam	2020-01-22	Nguyen,H.T., Cao,T.M., Pham,H.T.T., Vu,N.P.H., Dao,M.H., Huynh,L.T.K., Nguyen,L.T., Nguyen,N.T., Nguyen,T.T.N., Nguyen,A.H., Luong,Q.C., Nguyen,T.V., Tran,K.C., Pham,Q.D., Tran,T., Hoang,C.Q., Nguyen,T.T., Le,H.Q., Phung,T.M., Vo,T.N.A., Nguyen,S.N., Pham,D.T., Nguyen,T.V. and Phan,L.T.	Unpublished	The first imported case of CoVid-19 in Viet Nam	Ho Chi Minh city
MT192772.1	Severe acute respiratory syndrome coronavirus 2 isolate SARS-CoV-2/nCoV-19-01S/human/2020/VNM, complete genome	29891	Severe acute respiratory syndrome coronavirus 2	genomic RNA	SARS-CoV-2/nCoV-19-01S/human/2020/VNM	oro-pharyngeal	Homo sapiens	taxon:2697049	Viet Nam	2020-01-22	Cao,T.M., Nguyen,H.T., Pham,H.T.T., Vu,N.P.H., Dao,M.H., Huynh,L.T.K., Nguyen,L.T., Nguyen,N.T., Nguyen,T.T.N., Nguyen,A.H., Luong,Q.C., Nguyen,T.V., Tran,K.C., Pham,Q.D., Tran,T., Hoang,C.Q., Nguyen,T.T., Le,H.Q., Phung,T.M., Vo,T.N.A., Nguyen,S.N., Pham,D.T., Phan,L.T. and Nguyen,T.V.	Unpublished	The first human to human transmission of CoVid-19 case in Viet Nam	Ho Chi Minh city
MT192765.1	Severe acute respiratory syndrome coronavirus 2 isolate SARS-CoV-2/PC00101P/human/2020/USA, complete genome	29829	Severe acute respiratory syndrome coronavirus 2	genomic RNA	SARS-CoV-2/PC00101P/human/2020/USA		Homo sapiens	taxon:2697049	USA	2020-03-11	Zeller,M., Anderson,C., Spencer,E., Klitting,R., Robles-Sikisaka,R., Gangavarapu,K., Nicholson,L. and Andersen,K.	Submitted (16-MAR-2020) Department of Immunology, The Scripps Research Institute, 10550 N Torrey Pines Rd, La Jolla, CA 92037-1000, USA	Direct Submission	CA, San Diego County
MN996531.1	Severe acute respiratory syndrome coronavirus 2 isolate WIV07, complete genome	29857	Severe acute respiratory syndrome coronavirus 2	genomic RNA	WIV07	bronchoalveolar lavage fluid	Homo sapiens	taxon:2697049	China	2019-12-30	Zhou,P., Yang,X.-L., Wang,X.-G., Hu,B., Zhang,L., Zhang,W., Si,H.-R., Zhu,Y., Li,B., Huang,C.-L., Chen,H.-D., Chen,J., Luo,Y., Guo,H., Jiang,R.-D., Liu,M.-Q., Chen,Y., Shen,X.-R., Wang,X., Zheng,X.-S., Zhao,K., Chen,Q.-J., Deng,F., Liu,L.-L., Yan,B., Zhan,F.-X., Wang,Y.-Y., Xiao,G.-F. and Shi,Z.-L.	Nature 579 (7798), 270-273 (2020)	A pneumonia outbreak associated with a new coronavirus of probable bat origin	Wuhan
MN996530.1	Severe acute respiratory syndrome coronavirus 2 isolate WIV06, complete genome	29854	Severe acute respiratory syndrome coronavirus 2	genomic RNA	WIV06	bronchoalveolar lavage fluid	Homo sapiens	taxon:2697049	China	2019-12-30	Zhou,P., Yang,X.-L., Wang,X.-G., Hu,B., Zhang,L., Zhang,W., Si,H.-R., Zhu,Y., Li,B., Huang,C.-L., Chen,H.-D., Chen,J., Luo,Y., Guo,H., Jiang,R.-D., Liu,M.-Q., Chen,Y., Shen,X.-R., Wang,X., Zheng,X.-S., Zhao,K., Chen,Q.-J., Deng,F., Liu,L.-L., Yan,B., Zhan,F.-X., Wang,Y.-Y., Xiao,G.-F. and Shi,Z.-L.	Nature 579 (7798), 270-273 (2020)	A pneumonia outbreak associated with a new coronavirus of probable bat origin	Wuhan
MN996529.1	Severe acute respiratory syndrome coronavirus 2 isolate WIV05, complete genome	29852	Severe acute respiratory syndrome coronavirus 2	genomic RNA	WIV05	bronchoalveolar lavage fluid	Homo sapiens	taxon:2697049	China	2019-12-30	Zhou,P., Yang,X.-L., Wang,X.-G., Hu,B., Zhang,L., Zhang,W., Si,H.-R., Zhu,Y., Li,B., Huang,C.-L., Chen,H.-D., Chen,J., Luo,Y., Guo,H., Jiang,R.-D., Liu,M.-Q., Chen,Y., Shen,X.-R., Wang,X., Zheng,X.-S., Zhao,K., Chen,Q.-J., Deng,F., Liu,L.-L., Yan,B., Zhan,F.-X., Wang,Y.-Y., Xiao,G.-F. and Shi,Z.-L.	Nature 579 (7798), 270-273 (2020)	A pneumonia outbreak associated with a new coronavirus of probable bat origin	Wuhan
MN996528.1	Severe acute respiratory syndrome coronavirus 2 isolate WIV04, complete genome	29891	Severe acute respiratory syndrome coronavirus 2	genomic RNA	WIV04	bronchoalveolar lavage fluid	Homo sapiens	taxon:2697049	China	2019-12-30	Zhou,P., Yang,X.-L., Wang,X.-G., Hu,B., Zhang,L., Zhang,W., Si,H.-R., Zhu,Y., Li,B., Huang,C.-L., Chen,H.-D., Chen,J., Luo,Y., Guo,H., Jiang,R.-D., Liu,M.-Q., Chen,Y., Shen,X.-R., Wang,X., Zheng,X.-S., Zhao,K., Chen,Q.-J., Deng,F., Liu,L.-L., Yan,B., Zhan,F.-X., Wang,Y.-Y., Xiao,G.-F. and Shi,Z.-L.	Nature 579 (7798), 270-273 (2020)	A pneumonia outbreak associated with a new coronavirus of probable bat origin	Wuhan
MN996527.1	Severe acute respiratory syndrome coronavirus 2 isolate WIV02, complete genome	29825	Severe acute respiratory syndrome coronavirus 2	genomic RNA	WIV02	bronchoalveolar lavage fluid	Homo sapiens	taxon:2697049	China	2019-12-30	Zhou,P., Yang,X.-L., Wang,X.-G., Hu,B., Zhang,L., Zhang,W., Si,H.-R., Zhu,Y., Li,B., Huang,C.-L., Chen,H.-D., Chen,J., Luo,Y., Guo,H., Jiang,R.-D., Liu,M.-Q., Chen,Y., Shen,X.-R., Wang,X., Zheng,X.-S., Zhao,K., Chen,Q.-J., Deng,F., Liu,L.-L., Yan,B., Zhan,F.-X., Wang,Y.-Y., Xiao,G.-F. and Shi,Z.-L.	Nature 579 (7798), 270-273 (2020)	A pneumonia outbreak associated with a new coronavirus of probable bat origin	Wuhan
MN908947.3	Severe acute respiratory syndrome coronavirus 2 isolate Wuhan-Hu-1, complete genome	29903	Severe acute respiratory syndrome coronavirus 2	genomic RNA	Wuhan-Hu-1		Homo sapiens	taxon:2697049	China	Dec-2019	Wu,F., Zhao,S., Yu,B., Chen,Y.M., Wang,W., Song,Z.G., Hu,Y., Tao,Z.W., Tian,J.H., Pei,Y.Y., Yuan,M.L., Zhang,Y.L., Dai,F.H., Liu,Y., Wang,Q.M., Zheng,J.J., Xu,L., Holmes,E.C. and Zhang,Y.Z.	Nature 579 (7798), 265-269 (2020)	A new coronavirus associated with human respiratory disease in China	
MT192759.1	Severe acute respiratory syndrome coronavirus 2 isolate SARS-CoV-2/CGMH-CGU-01/human2020/TWN, complete genome	29862	Severe acute respiratory syndrome coronavirus 2	genomic RNA	SARS-CoV-2/CGMH-CGU-01/human2020/TWN	sputum	Homo sapiens	taxon:2697049	Taiwan	2020-01-25	Tsao,K.-C., Gong,Y.-N., Yang,S.-L., Liu,Y.-C., Huang,C.-G., Huang,Y.-C., Chen,G.-W. and Shih,S.-R.	Submitted (13-MAR-2020) Department of Laboratory Medicine, Lin-Kou Chang-Gung Memorial Hospital, No. 5, Fu-Shing St., Taoyuan 333, Taiwan	Direct Submission	
MT188341.1	Severe acute respiratory syndrome coronavirus 2 isolate USA/MN1-MDH1/2020, complete genome	29835	Severe acute respiratory syndrome coronavirus 2	genomic RNA	USA/MN1-MDH1/2020	nasopharyngeal/oropharyngeal swab	Homo sapiens	taxon:2697049	USA	2020-03-05	Plumb,M., Garfin,J. and Wang,X.	Unpublished	Full genome sequences of first three Minnesota, U.S. COVID-19 cases	MN
MT188340.1	Severe acute respiratory syndrome coronavirus 2 isolate USA/MN2-MDH2/2020, complete genome	29845	Severe acute respiratory syndrome coronavirus 2	genomic RNA	USA/MN2-MDH2/2020	nasopharyngeal/oropharyngeal swab	Homo sapiens	taxon:2697049	USA	2020-03-07	Plumb,M., Garfin,J. and Wang,X.	Unpublished	Full genome sequences of first three Minnesota, U.S. COVID-19 cases	MN
MT188339.1	Severe acute respiratory syndrome coronavirus 2 isolate USA/MN3-MDH3/2020, complete genome	29783	Severe acute respiratory syndrome coronavirus 2	genomic RNA	USA/MN3-MDH3/2020	nasopharyngeal/oropharyngeal swab	Homo sapiens	taxon:2697049	USA	2020-03-09	Plumb,M., Garfin,J. and Wang,X.	Unpublished	Full genome sequences of first three Minnesota, U.S. COVID-19 cases	MN
MT123293.2	Severe acute respiratory syndrome coronavirus 2 isolate SARS-CoV-2/IQTC03/human/2020/CHN, complete genome	29871	Severe acute respiratory syndrome coronavirus 2	genomic RNA	SARS-CoV-2/IQTC03/human/2020/CHN	stool	Homo sapiens	taxon:2697049	China	2020-01-29	Zheng,K., Shi,Y., Sun,J., Huang,J., Zhu,A., Sun,F., Zhuang,Z., Dai,J., Chen,Z., Huang,S., Zhang,Z., Li,X. and Wang,Y.	Submitted (28-FEB-2020) Technology Centre, Guangzhou Customs, Guangzhou Customs, No. 13, Gangwan Road, Huangpu District, Guangzhou, Guangzhou 510700, China	Direct Submission	Guangzhou
MT123292.2	Severe acute respiratory syndrome coronavirus 2 isolate SARS-CoV-2/IQTC04/human/2020/CHN, complete genome	29923	Severe acute respiratory syndrome coronavirus 2	genomic RNA	SARS-CoV-2/IQTC04/human/2020/CHN	sputum	Homo sapiens	taxon:2697049	China	2020-01-27	Huang,J., Shi,Y., Sun,J., Zheng,K., Zhu,A., Sun,F., Zhuang,Z., Dai,J., Zhang,Z., Huang,S., Wang,Y. and Li,X.	Submitted (28-FEB-2020) Technology Centre, Guangzhou Customs, Guangzhou Customs, No. 13, Gangwan Road, Huangpu District, Guangzhou, Guangzhou 510700, China	Direct Submission	Guangzhou
MT123291.2	Severe acute respiratory syndrome coronavirus 2 isolate SARS-CoV-2/IQTC02/human/2020/CHN, complete genome	29882	Severe acute respiratory syndrome coronavirus 2	genomic RNA	SARS-CoV-2/IQTC02/human/2020/CHN	bronchoalveolar lavage fluid	Homo sapiens	taxon:2697049	China	2020-01-29	Shi,Y., Zheng,K., Sun,J., Huang,J., Zhu,A., Zhuang,Z., Dai,J., Chen,Z., Sun,F., Zhang,Z., Li,X. and Wang,Y.	Submitted (28-FEB-2020) Technology Centre, Guangzhou Customs, Guangzhou Customs, No. 13, Gangwan Road, Huangpu District, Guangzhou, Guangzhou 510700, China	Direct Submission	Guangzhou
MT093631.2	Severe acute respiratory syndrome coronavirus 2 isolate SARS-CoV-2/WH-09/human/2020/CHN, complete genome	29860	Severe acute respiratory syndrome coronavirus 2	genomic RNA	SARS-CoV-2/WH-09/human/2020/CHN	throat swab	Homo sapiens	taxon:2697049	China	2020-01-08	Linlin,B., Lili,R., Shuran,G., Jiangning,L., Feifei,Q., Qi,L., Fengdi,L., Jing,X., Wei,D., Pin,Y., Yanfeng,X., Yajin,Q., Hong,G., Qiang,W., Mingya,L., Guanpeng,W., Shunyi,W., Zhiqi,S., Li,G., Lan,C., Conghui,W., Ying,W., Xinming,W., Yan,X., Qi,J. and Chuan,Q.	Submitted (21-FEB-2020) Key Laboratory of Human Diseases Comparative Medicine, Institute of Laboratory Animal Science, CAMS&PUMC, Chao Yang District, Pan Jia Yuan Nan Li No. 5, Beijing, Beijing 100021, China	Direct Submission	
NC_045512.2	Severe acute respiratory syndrome coronavirus 2 isolate Wuhan-Hu-1, complete genome	29903	Severe acute respiratory syndrome coronavirus 2	genomic RNA	Wuhan-Hu-1/NC_045512.2		Homo sapiens	taxon:2697049	China	Dec-2019	Baranov,P.V., Henderson,C.M., Anderson,C.B., Gesteland,R.F., Atkins,J.F. and Howard,M.T.	Virology 332 (2), 498-510 (2005)	Programmed ribosomal frameshifting in decoding the SARS-CoV genome	
MT184913.1	Severe acute respiratory syndrome coronavirus 2 isolate 2019-nCoV/USA-CruiseA-26/2020, complete genome	29882	Severe acute respiratory syndrome coronavirus 2	genomic RNA	2019-nCoV/USA-CruiseA-26/2020	oropharyngeal swab	Homo sapiens	taxon:2697049	USA	2020-02-24	Queen,K., Uehara,A., Tao,Y., Paden,C.R., Zhang,J., Li,Y., Wang,H., Kamili,S., Lu,X., Lynch,B., Sakthivel,S.K.K., Whitaker,B.L., Wang,L., Murray,J.R., Padilla,J., Lee,J., Gerber,S.I., Lindstrom,S. and Tong,S.	Unpublished	additional Cruise A sequences	
MT184912.1	Severe acute respiratory syndrome coronavirus 2 isolate 2019-nCoV/USA-CruiseA-25/2020, complete genome	29882	Severe acute respiratory syndrome coronavirus 2	genomic RNA	2019-nCoV/USA-CruiseA-25/2020	nasopharyngeal swab	Homo sapiens	taxon:2697049	USA	2020-02-17	Queen,K., Uehara,A., Tao,Y., Paden,C.R., Zhang,J., Li,Y., Wang,H., Kamili,S., Lu,X., Lynch,B., Sakthivel,S.K.K., Whitaker,B.L., Wang,L., Murray,J.R., Padilla,J., Lee,J., Gerber,S.I., Lindstrom,S. and Tong,S.	Unpublished	additional Cruise A sequences	
MT184911.1	Severe acute respiratory syndrome coronavirus 2 isolate 2019-nCoV/USA-CruiseA-24/2020, complete genome	29882	Severe acute respiratory syndrome coronavirus 2	genomic RNA	2019-nCoV/USA-CruiseA-24/2020	oropharyngeal swab	Homo sapiens	taxon:2697049	USA	2020-02-17	Queen,K., Uehara,A., Tao,Y., Paden,C.R., Zhang,J., Li,Y., Wang,H., Kamili,S., Lu,X., Lynch,B., Sakthivel,S.K.K., Whitaker,B.L., Wang,L., Murray,J.R., Padilla,J., Lee,J., Gerber,S.I., Lindstrom,S. and Tong,S.	Unpublished	additional Cruise A sequences	
MT184910.1	Severe acute respiratory syndrome coronavirus 2 isolate 2019-nCoV/USA-CruiseA-23/2020, complete genome	29882	Severe acute respiratory syndrome coronavirus 2	genomic RNA	2019-nCoV/USA-CruiseA-23/2020	nasopharyngeal swab	Homo sapiens	taxon:2697049	USA	2020-02-18	Queen,K., Uehara,A., Tao,Y., Paden,C.R., Zhang,J., Li,Y., Wang,H., Kamili,S., Lu,X., Lynch,B., Sakthivel,S.K.K., Whitaker,B.L., Wang,L., Murray,J.R., Padilla,J., Lee,J., Gerber,S.I., Lindstrom,S. and Tong,S.	Unpublished	additional Cruise A sequences	
MT184909.1	Severe acute respiratory syndrome coronavirus 2 isolate 2019-nCoV/USA-CruiseA-22/2020, complete genome	29882	Severe acute respiratory syndrome coronavirus 2	genomic RNA	2019-nCoV/USA-CruiseA-22/2020	nasopharyngeal swab	Homo sapiens	taxon:2697049	USA	2020-02-21	Tao,Y., Queen,K., Paden,C.R., Uehara,A., Zhang,J., Li,Y., Keckler,M.S., Laufer Halpin,A.S., Wang,H., Padilla,J., Lee,J., Elkins,C.A., Gerber,S.I. and Tong,S.	Unpublished	Additional Cruise A sequences	
MT184908.1	Severe acute respiratory syndrome coronavirus 2 isolate 2019-nCoV/USA-CruiseA-21/2020, complete genome	29880	Severe acute respiratory syndrome coronavirus 2	genomic RNA	2019-nCoV/USA-CruiseA-21/2020	oropharyngeal swab	Homo sapiens	taxon:2697049	USA	2020-02-21	Tao,Y., Queen,K., Paden,C.R., Uehara,A., Zhang,J., Li,Y., Keckler,M.S., Laufer Halpin,A.S., Wang,H., Padilla,J., Lee,J., Elkins,C.A., Gerber,S.I. and Tong,S.	Unpublished	Additional Cruise A sequences	
MT184907.1	Severe acute respiratory syndrome coronavirus 2 isolate 2019-nCoV/USA-CruiseA-19/2020, complete genome	29882	Severe acute respiratory syndrome coronavirus 2	genomic RNA	2019-nCoV/USA-CruiseA-19/2020	nasopharyngeal swab	Homo sapiens	taxon:2697049	USA	2020-02-18	Tao,Y., Queen,K., Paden,C.R., Uehara,A., Zhang,J., Li,Y., Keckler,M.S., Laufer Halpin,A.S., Wang,H., Padilla,J., Lee,J., Elkins,C.A., Gerber,S.I. and Tong,S.	Unpublished	Additional Cruise A sequences	
LC529905.1	Severe acute respiratory syndrome coronavirus 2 TKYE6182_2020 RNA, complete genome	29903	Severe acute respiratory syndrome coronavirus 2	genomic RNA	TKYE6182_2020		Homo sapiens	taxon:2697049	Japan	2020-01	Kumagai,R., Yoshida,I., Nagashima,M., Chiba,T. and Sadamasu,K.	Unpublished	The Detection of severe acute respiratory syndrome coronavirus 2 (SARS-CoV-2) in Tokyo (February, 2020)	
MT163721.1	Severe acute respiratory syndrome coronavirus 2 isolate SARS-CoV-2/WA9-UW6/human/2020/USA, partial genome	29325	Severe acute respiratory syndrome coronavirus 2	genomic RNA	SARS-CoV-2/WA9-UW6/human/2020/USA		Homo sapiens	taxon:2697049	USA	2020-03-01	Roychoudhury,P., Greninger,A. and Jerome,K.	Unpublished	SARS-CoV-2 genomes from WA state	WA
MT163720.1	Severe acute respiratory syndrome coronavirus 2 isolate SARS-CoV-2/WA8-UW5/human/2020/USA, partial genome	29732	Severe acute respiratory syndrome coronavirus 2	genomic RNA	SARS-CoV-2/WA8-UW5/human/2020/USA		Homo sapiens	taxon:2697049	USA	2020-03-01	Roychoudhury,P., Greninger,A. and Jerome,K.	Unpublished	SARS-CoV-2 genomes from WA state	WA
MT163719.1	Severe acute respiratory syndrome coronavirus 2 isolate SARS-CoV-2/WA7-UW4/human/2020/USA, complete genome	29903	Severe acute respiratory syndrome coronavirus 2	genomic RNA	SARS-CoV-2/WA7-UW4/human/2020/USA		Homo sapiens	taxon:2697049	USA	2020-03-01	Roychoudhury,P., Greninger,A. and Jerome,K.	Unpublished	SARS-CoV-2 genomes from WA state	WA
MT163718.1	Severe acute respiratory syndrome coronavirus 2 isolate SARS-CoV-2/WA6-UW3/human/2020/USA, complete genome	29903	Severe acute respiratory syndrome coronavirus 2	genomic RNA	SARS-CoV-2/WA6-UW3/human/2020/USA		Homo sapiens	taxon:2697049	USA	2020-02-29	Roychoudhury,P., Greninger,A. and Jerome,K.	Unpublished	SARS-CoV-2 genomes from WA state	WA
MT163717.1	Severe acute respiratory syndrome coronavirus 2 isolate SARS-CoV-2/WA4-UW2/human/2020/USA, complete genome	29897	Severe acute respiratory syndrome coronavirus 2	genomic RNA	SARS-CoV-2/WA4-UW2/human/2020/USA		Homo sapiens	taxon:2697049	USA	2020-02-28	Roychoudhury,P., Greninger,A. and Jerome,K.	Unpublished	SARS-CoV-2 genomes from WA state	WA
MT163716.1	Severe acute respiratory syndrome coronavirus 2 isolate SARS-CoV-2/WA3-UW1/human/2020/USA, complete genome	29903	Severe acute respiratory syndrome coronavirus 2	genomic RNA	SARS-CoV-2/WA3-UW1/human/2020/USA		Homo sapiens	taxon:2697049	USA	2020-02-27	Roychoudhury,P., Greninger,A. and Jerome,K.	Unpublished	SARS-CoV-2 genomes from WA state	WA
LR757998.1	Wuhan seafood market pneumonia virus genome assembly, chromosome: whole_genome	29866	Severe acute respiratory syndrome coronavirus 2	genomic RNA	LR757998.1		Homo sapiens	taxon:2697049	China	2019-12-26	Hunter,C. and Wei,X.	Submitted (30-JAN-2020) BGI, GigaScience, 16 Dai Fu Street, Tai Po Industrial Estate, N.T., Hong Kong	Direct Submission	Wuhan
LR757997.1	Wuhan seafood market pneumonia virus genome assembly, chromosome: whole_genome	29388	Severe acute respiratory syndrome coronavirus 2	genomic RNA	LR757997.1		Homo sapiens	taxon:2697049	China	2019-12-31	Hunter,C. and Wei,X.	Submitted (30-JAN-2020) BGI, GigaScience, 16 Dai Fu Street, Tai Po Industrial Estate, N.T., Hong Kong	Direct Submission	Wuhan
LR757996.1	Wuhan seafood market pneumonia virus genome assembly, chromosome: whole_genome	29868	Severe acute respiratory syndrome coronavirus 2	genomic RNA	LR757996.1		Homo sapiens	taxon:2697049	China	2020-01-01	Hunter,C. and Wei,X.	Submitted (30-JAN-2020) BGI, GigaScience, 16 Dai Fu Street, Tai Po Industrial Estate, N.T., Hong Kong	Direct Submission	Wuhan
LR757995.1	Wuhan seafood market pneumonia virus genome assembly, chromosome: whole_genome	29872	Severe acute respiratory syndrome coronavirus 2	genomic RNA	LR757995.1		Homo sapiens	taxon:2697049	China	2019-12-26	Hunter,C. and Wei,X.	Submitted (30-JAN-2020) BGI, GigaScience, 16 Dai Fu Street, Tai Po Industrial Estate, N.T., Hong Kong	Direct Submission	Wuhan
MT159722.1	Severe acute respiratory syndrome coronavirus 2 isolate 2019-nCoV/USA-CruiseA-6/2020, complete genome	29882	Severe acute respiratory syndrome coronavirus 2	genomic RNA	2019-nCoV/USA-CruiseA-6/2020	nasopharyngeal swab	Homo sapiens	taxon:2697049	USA	2020-02-21	Uehara,A., Tao,Y., Paden,C.R., Queen,K., Zhang,J., Li,Y., Keckler,M.S., Laufer Halpin,A.S., Wang,H., Padilla,J., Lee,J., Elkins,C.A., Gerber,S.I. and Tong,S.	Unpublished	Cruise A sequences	
MT159721.1	Severe acute respiratory syndrome coronavirus 2 isolate 2019-nCoV/USA-CruiseA-5/2020, complete genome	29882	Severe acute respiratory syndrome coronavirus 2	genomic RNA	2019-nCoV/USA-CruiseA-5/2020	oropharyngeal swab	Homo sapiens	taxon:2697049	USA	2020-02-21	Uehara,A., Tao,Y., Paden,C.R., Queen,K., Zhang,J., Li,Y., Keckler,M.S., Laufer Halpin,A.S., Wang,H., Padilla,J., Lee,J., Elkins,C.A., Gerber,S.I. and Tong,S.	Unpublished	Cruise A sequences	
MT159720.1	Severe acute respiratory syndrome coronavirus 2 isolate 2019-nCoV/USA-CruiseA-4/2020, complete genome	29882	Severe acute respiratory syndrome coronavirus 2	genomic RNA	2019-nCoV/USA-CruiseA-4/2020	nasopharyngeal swab	Homo sapiens	taxon:2697049	USA	2020-02-21	Uehara,A., Tao,Y., Paden,C.R., Queen,K., Zhang,J., Li,Y., Keckler,M.S., Laufer Halpin,A.S., Wang,H., Padilla,J., Lee,J., Elkins,C.A., Gerber,S.I. and Tong,S.	Unpublished	Cruise A sequences	
MT159719.1	Severe acute respiratory syndrome coronavirus 2 isolate 2019-nCoV/USA-CruiseA-3/2020, complete genome	29882	Severe acute respiratory syndrome coronavirus 2	genomic RNA	2019-nCoV/USA-CruiseA-3/2020	nasopharyngeal swab	Homo sapiens	taxon:2697049	USA	2020-02-18	Uehara,A., Tao,Y., Paden,C.R., Queen,K., Zhang,J., Li,Y., Keckler,M.S., Laufer Halpin,A.S., Wang,H., Padilla,J., Lee,J., Elkins,C.A., Gerber,S.I. and Tong,S.	Unpublished	Cruise A sequences	
MT159718.1	Severe acute respiratory syndrome coronavirus 2 isolate 2019-nCoV/USA-CruiseA-2/2020, complete genome	29882	Severe acute respiratory syndrome coronavirus 2	genomic RNA	2019-nCoV/USA-CruiseA-2/2020	nasopharyngeal swab	Homo sapiens	taxon:2697049	USA	2020-02-18	Uehara,A., Tao,Y., Paden,C.R., Queen,K., Zhang,J., Li,Y., Keckler,M.S., Laufer Halpin,A.S., Wang,H., Padilla,J., Lee,J., Elkins,C.A., Gerber,S.I. and Tong,S.	Unpublished	Cruise A sequences	
MT159717.1	Severe acute respiratory syndrome coronavirus 2 isolate 2019-nCoV/USA-CruiseA-1/2020, complete genome	29882	Severe acute respiratory syndrome coronavirus 2	genomic RNA	2019-nCoV/USA-CruiseA-1/2020	nasopharyngeal swab	Homo sapiens	taxon:2697049	USA	2020-02-17	Uehara,A., Tao,Y., Paden,C.R., Queen,K., Zhang,J., Li,Y., Keckler,M.S., Laufer Halpin,A.S., Wang,H., Padilla,J., Lee,J., Elkins,C.A., Gerber,S.I. and Tong,S.	Unpublished	Cruise A sequences	
MT159716.1	Severe acute respiratory syndrome coronavirus 2 isolate 2019-nCoV/USA-CruiseA-18/2020, complete genome	29867	Severe acute respiratory syndrome coronavirus 2	genomic RNA	2019-nCoV/USA-CruiseA-18/2020	nasopharyngeal swab	Homo sapiens	taxon:2697049	USA	2020-02-24	Paden,C.R., Tao,Y., Queen,K., Uehara,A., Zhang,J., Li,Y., Wang,H., Kamili,S., Lu,X., Lynch,B., Sakthivel,S.K.K., Whitaker,B.L., Wang,L., Murray,J.R., Padilla,J., Lee,J., Gerber,S.I., Lindstrom,S. and Tong,S.	Unpublished	Cruise A sequences	
MT159715.1	Severe acute respiratory syndrome coronavirus 2 isolate 2019-nCoV/USA-CruiseA-17/2020, complete genome	29882	Severe acute respiratory syndrome coronavirus 2	genomic RNA	2019-nCoV/USA-CruiseA-17/2020	nasopharyngeal swab	Homo sapiens	taxon:2697049	USA	2020-02-24	Paden,C.R., Tao,Y., Queen,K., Uehara,A., Zhang,J., Li,Y., Wang,H., Kamili,S., Lu,X., Lynch,B., Sakthivel,S.K.K., Whitaker,B.L., Wang,L., Murray,J.R., Padilla,J., Lee,J., Gerber,S.I., Lindstrom,S. and Tong,S.	Unpublished	Cruise A sequences	
MT159714.1	Severe acute respiratory syndrome coronavirus 2 isolate 2019-nCoV/USA-CruiseA-16/2020, complete genome	29882	Severe acute respiratory syndrome coronavirus 2	genomic RNA	2019-nCoV/USA-CruiseA-16/2020	nasopharyngeal swab	Homo sapiens	taxon:2697049	USA	2020-02-18	Paden,C.R., Tao,Y., Queen,K., Uehara,A., Zhang,J., Li,Y., Wang,H., Kamili,S., Lu,X., Lynch,B., Sakthivel,S.K.K., Whitaker,B.L., Wang,L., Murray,J.R., Padilla,J., Lee,J., Gerber,S.I., Lindstrom,S. and Tong,S.	Unpublished	Cruise A sequences	
MT159713.1	Severe acute respiratory syndrome coronavirus 2 isolate 2019-nCoV/USA-CruiseA-15/2020, complete genome	29882	Severe acute respiratory syndrome coronavirus 2	genomic RNA	2019-nCoV/USA-CruiseA-15/2020	nasopharyngeal swab	Homo sapiens	taxon:2697049	USA	2020-02-18	Paden,C.R., Tao,Y., Queen,K., Uehara,A., Zhang,J., Li,Y., Wang,H., Kamili,S., Lu,X., Lynch,B., Sakthivel,S.K.K., Whitaker,B.L., Wang,L., Murray,J.R., Padilla,J., Lee,J., Gerber,S.I., Lindstrom,S. and Tong,S.	Unpublished	Cruise A sequences	
MT159712.1	Severe acute respiratory syndrome coronavirus 2 isolate 2019-nCoV/USA-CruiseA-14/2020, complete genome	29882	Severe acute respiratory syndrome coronavirus 2	genomic RNA	2019-nCoV/USA-CruiseA-14/2020	oropharyngeal swab	Homo sapiens	taxon:2697049	USA	2020-02-25	Paden,C.R., Tao,Y., Queen,K., Uehara,A., Zhang,J., Li,Y., Wang,H., Kamili,S., Lu,X., Lynch,B., Sakthivel,S.K.K., Whitaker,B.L., Wang,L., Murray,J.R., Padilla,J., Lee,J., Gerber,S.I., Lindstrom,S. and Tong,S.	Unpublished	Cruise A sequences	
MT159711.1	Severe acute respiratory syndrome coronavirus 2 isolate 2019-nCoV/USA-CruiseA-13/2020, complete genome	29882	Severe acute respiratory syndrome coronavirus 2	genomic RNA	2019-nCoV/USA-CruiseA-13/2020	nasopharyngeal swab	Homo sapiens	taxon:2697049	USA	2020-02-20	Paden,C.R., Tao,Y., Queen,K., Uehara,A., Zhang,J., Li,Y., Wang,H., Kamili,S., Lu,X., Lynch,B., Sakthivel,S.K.K., Whitaker,B.L., Wang,L., Murray,J.R., Padilla,J., Lee,J., Gerber,S.I., Lindstrom,S. and Tong,S.	Unpublished	Cruise A sequences	
MT159710.1	Severe acute respiratory syndrome coronavirus 2 isolate 2019-nCoV/USA-CruiseA-9/2020, complete genome	29882	Severe acute respiratory syndrome coronavirus 2	genomic RNA	2019-nCoV/USA-CruiseA-9/2020	nasopharyngeal swab	Homo sapiens	taxon:2697049	USA	2020-02-17	Tao,Y., Paden,C.R., Queen,K., Uehara,A., Zhang,J., Li,Y., Wang,H., Kamili,S., Lu,X., Lynch,B., Sakthivel,S.K.K., Whitaker,B.L., Wang,L., Murray,J.R., Padilla,J., Lee,J., Gerber,S.I., Lindstrom,S. and Tong,S.	Unpublished	Cruise A sequences	
MT159709.1	Severe acute respiratory syndrome coronavirus 2 isolate 2019-nCoV/USA-CruiseA-12/2020, complete genome	29882	Severe acute respiratory syndrome coronavirus 2	genomic RNA	2019-nCoV/USA-CruiseA-12/2020	oropharyngeal swab	Homo sapiens	taxon:2697049	USA	2020-02-20	Tao,Y., Paden,C.R., Queen,K., Uehara,A., Zhang,J., Li,Y., Wang,H., Kamili,S., Lu,X., Lynch,B., Sakthivel,S.K.K., Whitaker,B.L., Wang,L., Murray,J.R., Padilla,J., Lee,J., Gerber,S.I., Lindstrom,S. and Tong,S.	Unpublished	Cruise A sequences	
MT159708.1	Severe acute respiratory syndrome coronavirus 2 isolate 2019-nCoV/USA-CruiseA-11/2020, complete genome	29882	Severe acute respiratory syndrome coronavirus 2	genomic RNA	2019-nCoV/USA-CruiseA-11/2020	nasopharyngeal swab	Homo sapiens	taxon:2697049	USA	2020-02-17	Tao,Y., Paden,C.R., Queen,K., Uehara,A., Zhang,J., Li,Y., Wang,H., Kamili,S., Lu,X., Lynch,B., Sakthivel,S.K.K., Whitaker,B.L., Wang,L., Murray,J.R., Padilla,J., Lee,J., Gerber,S.I., Lindstrom,S. and Tong,S.	Unpublished	Cruise A sequences	
MT159707.1	Severe acute respiratory syndrome coronavirus 2 isolate 2019-nCoV/USA-CruiseA-10/2020, complete genome	29882	Severe acute respiratory syndrome coronavirus 2	genomic RNA	2019-nCoV/USA-CruiseA-10/2020	nasopharyngeal swab	Homo sapiens	taxon:2697049	USA	2020-02-17	Tao,Y., Paden,C.R., Queen,K., Uehara,A., Zhang,J., Li,Y., Wang,H., Kamili,S., Lu,X., Lynch,B., Sakthivel,S.K.K., Whitaker,B.L., Wang,L., Murray,J.R., Padilla,J., Lee,J., Gerber,S.I., Lindstrom,S. and Tong,S.	Unpublished	Cruise A sequences	
MT159706.1	Severe acute respiratory syndrome coronavirus 2 isolate 2019-nCoV/USA-CruiseA-8/2020, complete genome	29882	Severe acute respiratory syndrome coronavirus 2	genomic RNA	2019-nCoV/USA-CruiseA-8/2020	nasopharyngeal swab	Homo sapiens	taxon:2697049	USA	2020-02-17	Tao,Y., Paden,C.R., Queen,K., Uehara,A., Zhang,J., Li,Y., Wang,H., Kamili,S., Lu,X., Lynch,B., Sakthivel,S.K.K., Whitaker,B.L., Wang,L., Murray,J.R., Padilla,J., Lee,J., Gerber,S.I., Lindstrom,S. and Tong,S.	Unpublished	Cruise A sequences	
MT159705.1	Severe acute respiratory syndrome coronavirus 2 isolate 2019-nCoV/USA-CruiseA-7/2020, complete genome	29882	Severe acute respiratory syndrome coronavirus 2	genomic RNA	2019-nCoV/USA-CruiseA-7/2020	nasopharyngeal swab	Homo sapiens	taxon:2697049	USA	2020-02-17	Tao,Y., Paden,C.R., Queen,K., Uehara,A., Zhang,J., Li,Y., Wang,H., Kamili,S., Lu,X., Lynch,B., Sakthivel,S.K.K., Whitaker,B.L., Wang,L., Murray,J.R., Padilla,J., Lee,J., Gerber,S.I., Lindstrom,S. and Tong,S.	Unpublished	Cruise A sequences	
MT121215.1	Severe acute respiratory syndrome coronavirus 2 isolate SARS-CoV-2/SH01/human/2020/CHN, complete genome	29945	Severe acute respiratory syndrome coronavirus 2	genomic RNA	SARS-CoV-2/SH01/human/2020/CHN	throat swab	Homo sapiens	taxon:2697049	China	2020-02-02	Zhang,R., Yi,Z., Wang,Y., Teng,Z., Xu,W., Song,W., Cai,X., Sun,Z., Gu,C., Zhou,Y., Chen,H., Ye,R., Han,W., Zhu,Y., Feng,F., Fang,F., Li,C., Zhang,X., Qu,D., Fu,C., Xie,Y. and Yuan,Z.	Wei Sheng Wu Yu Gan Ran 15 (1) (2020) In press	Isolation of a 2019 novel coronavirus strain from a coronavirus disease 19 patient in Shanghai	Shanghai
MT066156.1	Severe acute respiratory syndrome coronavirus 2 isolate SARS-CoV-2/INMI1/human/2020/ITA, complete genome	29867	Severe acute respiratory syndrome coronavirus 2	genomic RNA	SARS-CoV-2/INMI1/human/2020/ITA	sputum	Homo sapiens	taxon:2697049	Italy	2020-01-30	Capobianchi,M.R., Rueca,M., Messina,F., Giombini,E., Carletti,F., Colavita,F., Castilletti,C., Lalle,E., Bordi,L., Vairo,E., Nicastri,E., Ippolito,G., Gruber,C.E.M. and Bartolini,B.	Unpublished	Molecular characterization and quasispacies assessment of SARS-CoV-2 from the first case of COVID-19 in Italy	
MT050493.1	Severe acute respiratory syndrome coronavirus 2 isolate SARS-CoV-2/166/human/2020/IND, complete genome	29851	Severe acute respiratory syndrome coronavirus 2	genomic RNA	SARS-CoV-2/166/human/2020/IND	throat swab	Homo sapiens	taxon:2697049	India	2020-01-31	Potdar,V., Choudhary,M., Yadav,P.D. and Shete-Aich,A.	Submitted (11-FEB-2020) Maximum Containment Laboratory, National Institute of Virology, Pashan, Pune, Maharashtra 411021, India	Direct Submission	Kerala State
MT012098.1	Severe acute respiratory syndrome coronavirus 2 isolate SARS-CoV-2/29/human/2020/IND, complete genome	29854	Severe acute respiratory syndrome coronavirus 2	genomic RNA	SARS-CoV-2/29/human/2020/IND	throat swab	Homo sapiens	taxon:2697049	India	2020-01-27	Yadav,P.D., Potdar,V. and Abraham,P.	Submitted (01-FEB-2020) Maximum Containment Laboratory, National Institute of Virology, Pashan, Pune, Maharashtra 411021, India	Direct Submission	Kerala State
MT152824.1	Severe acute respiratory syndrome coronavirus 2 isolate SARS-CoV-2/WA2/human/2020/USA, complete genome	29878	Severe acute respiratory syndrome coronavirus 2	genomic RNA	SARS-CoV-2/WA2/human/2020/USA	mid-nasal swab	Homo sapiens	taxon:2697049	USA	2020-02-24	Chu,H., Boeckh,M., Englund,J., Famulare,M., Lutz,B., Nickerson,D., Rieder,M., Starita,L., Thompson,M., Shendure,J. and Bedford,T.	Submitted (04-MAR-2020) Seattle Flu Study, University of Washington Medical Center, 1959 NE Pacific Street, Seattle, WA 98195, USA	Direct Submission	Snohomish County, WA
MT135044.1	Severe acute respiratory syndrome coronavirus 2 isolate SARS-CoV-2/235/human/2020/CHN, complete genome	29903	Severe acute respiratory syndrome coronavirus 2	genomic RNA	SARS-CoV-2/235/human/2020/CHN		Homo sapiens	taxon:2697049	China	2020-01-28	Li,J., Li,L., Li,Z., Qiu,S., Song,H., Li,P. and Li,P.	Submitted (02-MAR-2020) Infectious Disease Control Center, Center for Disease Control and Prevention of PLA, 20 DongDa Street, Fengtai District, Beijing, Beijing 100071, China	Direct Submission	Beijing
MT135043.1	Severe acute respiratory syndrome coronavirus 2 isolate SARS-CoV-2/233/human/2020/CHN, complete genome	29903	Severe acute respiratory syndrome coronavirus 2	genomic RNA	SARS-CoV-2/233/human/2020/CHN		Homo sapiens	taxon:2697049	China	2020-01-28	Li,J., Li,L., Li,Z., Qiu,S., Song,H., Li,P. and Li,P.	Submitted (02-MAR-2020) Infectious Disease Control Center, Center for Disease Control and Prevention of PLA, 20 DongDa Street, Fengtai District, Beijing, Beijing 100071, China	Direct Submission	Beijing
MT135042.1	Severe acute respiratory syndrome coronavirus 2 isolate SARS-CoV-2/231/human/2020/CHN, complete genome	29903	Severe acute respiratory syndrome coronavirus 2	genomic RNA	SARS-CoV-2/231/human/2020/CHN		Homo sapiens	taxon:2697049	China	2020-01-28	Li,J., Li,L., Li,Z., Qiu,S., Song,H., Li,P. and Li,P.	Submitted (02-MAR-2020) Infectious Disease Control Center, Center for Disease Control and Prevention of PLA, 20 DongDa Street, Fengtai District, Beijing, Beijing 100071, China	Direct Submission	Beijing
MT135041.1	Severe acute respiratory syndrome coronavirus 2 isolate SARS-CoV-2/105/human/2020/CHN, complete genome	29903	Severe acute respiratory syndrome coronavirus 2	genomic RNA	SARS-CoV-2/105/human/2020/CHN		Homo sapiens	taxon:2697049	China	2020-01-26	Li,J., Li,L., Li,Z., Qiu,S., Song,H., Li,P. and Li,P.	Submitted (02-MAR-2020) Infectious Disease Control Center, Center for Disease Control and Prevention of PLA, 20 DongDa Street, Fengtai District, Beijing, Beijing 100071, China	Direct Submission	Beijing
MT126808.1	Severe acute respiratory syndrome coronavirus 2 isolate SARS-CoV-2/SP02/human/2020/BRA, complete genome	29876	Severe acute respiratory syndrome coronavirus 2	genomic RNA	SARS-CoV-2/SP02/human/2020/BRA	nasopharyngeal swab	Homo sapiens	taxon:2697049	Brazil	2020-02-28	Amgarten,D., Malta,F., Ruiz,R.M., Petroni,R., Santana,R.A.F., de Menezes,F.G., Mangueira,C.L.P. and Pinho,J.R.R.	Unpublished	Complete genome sequences of SARS-COV-2 isolated in Brazil	
LC528233.1	Severe acute respiratory syndrome coronavirus 2 SARS-CoV-2/Hu/DP/Kng/19-027 RNA, complete genome	29902	Severe acute respiratory syndrome coronavirus 2	genomic RNA	SARS-CoV-2/Hu/DP/Kng/19-027	throat swab	Homo sapiens	taxon:2697049	Japan	2020-02-10	Hishiki,T., Suzuki,R., Sakuragi,J., Usui,K., Tanaka,Y., Kawai,J., Kogo,Y., Matsuki,Y., An,T., Hayashizaki,Y. and Takasaki,T.	Unpublished	Development of SmartAmp system for SARS-CoV-2 using viruses isolated from patients in a Cruse Ship	
LC528232.1	Severe acute respiratory syndrome coronavirus 2 SARS-CoV-2/Hu/DP/Kng/19-020 RNA, complete genome	29902	Severe acute respiratory syndrome coronavirus 2	genomic RNA	SARS-CoV-2/Hu/DP/Kng/19-020	throat swab	Homo sapiens	taxon:2697049	Japan	2020-02-10	Hishiki,T., Suzuki,R., Sakuragi,J., Usui,K., Tanaka,Y., Kawai,J., Kogo,Y., Matsuki,Y., An,T., Hayashizaki,Y. and Takasaki,T.	Unpublished	Development of SmartAmp system for SARS-CoV-2 using viruses isolated from patients in a Cruse Ship	
MT123290.1	Severe acute respiratory syndrome coronavirus 2 isolate SARS-CoV-2/IQTC01/human/2020/CHN, complete genome	29891	Severe acute respiratory syndrome coronavirus 2	genomic RNA	SARS-CoV-2/IQTC01/human/2020/CHN	oropharyngeal swab	Homo sapiens	taxon:2697049	China	2020-02-05	Shi,Y., Sun,J., Zheng,K., Huang,J. and Zhao,J.	Submitted (27-FEB-2020) Technology Centre, Guangzhou Customs, Guangzhou Customs, No. 13, Gangwan Road, Huangpu District, Guangzhou, Guangzhou 510700, China	Direct Submission	Guangdong, Guangzhou
MT118835.1	Severe acute respiratory syndrome coronavirus 2 isolate 2019-nCoV/USA-CA9/2020, complete genome	29882	Severe acute respiratory syndrome coronavirus 2	genomic RNA	2019-nCoV/USA-CA9/2020	bronchoalveolar lavage	Homo sapiens	taxon:2697049	USA	2020-02-23	Queen,K., Uehara,A., Zhang,J., Li,Y., Tao,Y., Paden,C.R., Wang,H., Kamili,S., Lu,X., Lynch,B., Sakthivel,S.K.K., Whitaker,B.L., Wang,L., Murray,J.R., Padilla,J., Lee,J., Gerber,S.I., Lindstrom,S. and Tong,S.	Unpublished	US case California	CA
MT106054.1	Severe acute respiratory syndrome coronavirus 2 isolate 2019-nCoV/USA-TX1/2020, complete genome	29882	Severe acute respiratory syndrome coronavirus 2	genomic RNA	2019-nCoV/USA-TX1/2020	sputum	Homo sapiens	taxon:2697049	USA	2020-02-11	Queen,K., Uehara,A., Zhang,J., Li,Y., Tao,Y., Paden,C.R., Wang,H., Kamili,S., Lu,X., Lynch,B., Sakthivel,S.K.K., Whitaker,B.L., Wang,L., Murray,J.R., Gerber,S.I., Lindstrom,S. and Tong,S.	Unpublished	US cases	TX
MT106053.1	Severe acute respiratory syndrome coronavirus 2 isolate 2019-nCoV/USA-CA8/2020, complete genome	29882	Severe acute respiratory syndrome coronavirus 2	genomic RNA	2019-nCoV/USA-CA8/2020	nasopharyngeal swab	Homo sapiens	taxon:2697049	USA	2020-02-10	Queen,K., Uehara,A., Zhang,J., Li,Y., Tao,Y., Paden,C.R., Wang,H., Kamili,S., Lu,X., Lynch,B., Sakthivel,S.K.K., Whitaker,B.L., Wang,L., Murray,J.R., Gerber,S.I., Lindstrom,S. and Tong,S.	Unpublished	US cases	CA
MT106052.1	Severe acute respiratory syndrome coronavirus 2 isolate 2019-nCoV/USA-CA7/2020, complete genome	29882	Severe acute respiratory syndrome coronavirus 2	genomic RNA	2019-nCoV/USA-CA7/2020	nasopharyngeal swab	Homo sapiens	taxon:2697049	USA	2020-02-06	Queen,K., Uehara,A., Zhang,J., Li,Y., Tao,Y., Paden,C.R., Wang,H., Kamili,S., Lu,X., Lynch,B., Sakthivel,S.K.K., Whitaker,B.L., Wang,L., Murray,J.R., Gerber,S.I., Lindstrom,S. and Tong,S.	Unpublished	US cases	CA
MT093571.1	Severe acute respiratory syndrome coronavirus 2 isolate SARS-CoV-2/01/human/2020/SWE, complete genome	29886	Severe acute respiratory syndrome coronavirus 2	genomic RNA	SARS-CoV-2/01/human/2020/SWE		Homo sapiens	taxon:2697049	Sweden	2020-02-07	Bengner,M., Palmerus,M., Lindsjo,O., Lind Karlberg,M., Monteil,V., Appelberg,S., Brave,A., Muradrasoli,S. and Tegmark-Wisell,K.	Submitted (20-FEB-2020) Unit for Laboratory Development and Technology Transfer, Public Health Agency of Sweden, Folkhalsomyndigheten, Tomtebodavagen 12 B, Solna, Uppland 17165, Sweden	Direct Submission	
MT072688.1	Severe acute respiratory syndrome coronavirus 2 isolate SARS0CoV-2/61-TW/human/2020/ NPL, complete genome	29811	Severe acute respiratory syndrome coronavirus 2	genomic RNA	SARS0CoV-2/61-TW/human/2020//NPL	oropharyngeal swab	Homo sapiens	taxon:2697049	Nepal	2020-01-13	Bastola,A., Sah,R., Rodriguez-Morales,A.J., Lal,B.K., Jha,R., Ojha,H.C., Shrestha,B., Chu,D.K.W., Poon,L.L.M., Costello,A., Morita,K. and Pandey,B.D.	Lancet Infect Dis (2020) In press	The first 2019 novel coronavirus case in Nepal	
MT066176.1	Severe acute respiratory syndrome coronavirus 2 isolate SARS-CoV-2/NTU02/2020/TWN, complete genome	29870	Severe acute respiratory syndrome coronavirus 2	genomic RNA	SARS-CoV-2/NTU02/2020/TWN		Homo sapiens	taxon:2697049	Taiwan	2020-02-05	Yeh,S.-H., Lin,Y.-Y., Lai,Y.-Y., Li,C.-L., Chang,S.-C., Chen,P.-J. and Chang,S.-Y.	Submitted (14-FEB-2020) Graduate Institute of Clinical Medicine, National Taiwan University, No. 7.Chung San South Road, Taipei, Taiwan 100, Taiwan	Direct Submission	
MT066175.1	Severe acute respiratory syndrome coronavirus 2 isolate SARS-CoV-2/NTU01/2020/TWN, complete genome	29870	Severe acute respiratory syndrome coronavirus 2	genomic RNA	SARS-CoV-2/NTU01/2020/TWN		Homo sapiens	taxon:2697049	Taiwan	2020-01-31	Yeh,S.-H., Lin,Y.-Y., Lai,Y.-Y., Li,C.-L., Chang,S.-C., Chen,P.-J. and Chang,S.-Y.	Submitted (13-FEB-2020) Microbial Genomics Core Lab, Centers of Genomic and Precision Medicine, National Taiwan University, No. 7.Chung San South Road, Taipei 100, Taiwan	Direct Submission	
MT049951.1	Severe acute respiratory syndrome coronavirus 2 isolate SARS-CoV-2/Yunnan-01/human/2020/CHN, complete genome	29903	Severe acute respiratory syndrome coronavirus 2	genomic RNA	SARS-CoV-2/Yunnan-01/human/2020/CHN	sputum	Homo sapiens	taxon:2697049	China	2020-01-17	Fu,X., Li,D. and Sun,Y.	Unpublished	A novel coronavirus associated with a respiratory disease in Kunming of Yunnan province, China	Yunnan
MT044258.1	Severe acute respiratory syndrome coronavirus 2 isolate 2019-nCoV/USA-CA6/2020, complete genome	29858	Severe acute respiratory syndrome coronavirus 2	genomic RNA	2019-nCoV/USA-CA6/2020	respiratory swab	Homo sapiens	taxon:2697049	USA	2020-01-27	Zhang,J., Queen,K., Li,Y., Tao,Y., Uehara,A., Paden,C.R., Lu,X., Lynch,B., Sakthivel,S.K.K., Whitaker,B.L., Kamili,S., Wang,L., Murray,J.R., Gerber,S.I., Lindstrom,S. and Tong,S.	Unpublished	nCoV-2019 California	CA
MT044257.1	Severe acute respiratory syndrome coronavirus 2 isolate 2019-nCoV/USA-IL2/2020, complete genome	29882	Severe acute respiratory syndrome coronavirus 2	genomic RNA	2019-nCoV/USA-IL2/2020	sputum	Homo sapiens	taxon:2697049	USA	2020-01-28	Li,Y., Zhang,J., Queen,K., Tao,Y., Uehara,A., Paden,C.R., Lu,X., Lynch,B., Sakthivel,S.K.K., Whitaker,B.L., Kamili,S., Wang,L., Murray,J.R., Gerber,S.I., Lindstrom,S. and Tong,S.	Unpublished	nCoV-2019 Illinois case	IL
MT039888.1	Severe acute respiratory syndrome coronavirus 2 isolate 2019-nCoV/USA-MA1/2020, complete genome	29882	Severe acute respiratory syndrome coronavirus 2	genomic RNA	2019-nCoV/USA-MA1/2020	oropharyngeal swab	Homo sapiens	taxon:2697049	USA	2020-01-29	Paden,C.R., Zhang,J., Queen,K., Li,Y., Tao,Y., Uehara,A., Lu,X., Lynch,B., Sakthivel,S.K.K., Whitaker,B.L., Kamili,S., Wang,L., Murray,J.R., Gerber,S.I., Lindstrom,S. and Tong,S.	Unpublished	2019-nCoV Massachusetts	MA
MT039887.1	Severe acute respiratory syndrome coronavirus 2 isolate 2019-nCoV/USA-WI1/2020, complete genome	29879	Severe acute respiratory syndrome coronavirus 2	genomic RNA	2019-nCoV/USA-WI1/2020	nasopharyngeal swab	Homo sapiens	taxon:2697049	USA	2020-01-31	Zhang,J., Uehara,A., Queen,K., Li,Y., Tao,Y., Paden,C.R., Lu,X., Lynch,B., Sakthivel,S.K.K., Whitaker,B.L., Kamili,S., Wang,L., Murray,J.R., Gerber,S.I., Lindstrom,S. and Tong,S.	Unpublished	Novel coronavirus sequence Wisconsin	WI
MT039890.1	Severe acute respiratory syndrome coronavirus 2 isolate SNU01, complete genome	29903	Severe acute respiratory syndrome coronavirus 2	genomic RNA	SNU01		Homo sapiens	taxon:2697049	South Korea	Jan-2020	Park,W.B., Kwon,N.-J., Choi,S.-J., Kang,C.K., Choe,P.G., Kim,J.Y., Yun,J., Lee,G.-W., Seong,M.-W., Kim,N., Seo,J.-S. and Oh,M.-D.	Unpublished	Isolation of 2019 novel coronavirus from a patient imported into Korea from Wuhan, China	
MT039873.1	Severe acute respiratory syndrome coronavirus 2 isolate HZ-1, complete genome	29833	Severe acute respiratory syndrome coronavirus 2	genomic RNA	HZ-1	sputum	Homo sapiens; male	taxon:2697049	China	2020-01-20	Yu,H., Li,J., Yu,X., Wang,H. and Pan,J.	Unpublished	Genomic Analysis of First Case of 2019-ncov in Hangzhou, Zhejiang China	Hangzhou
MT027064.1	Severe acute respiratory syndrome coronavirus 2 isolate 2019-nCoV/USA-CA5/2020, complete genome	29882	Severe acute respiratory syndrome coronavirus 2	genomic RNA	2019-nCoV/USA-CA5/2020	oropharyngeal swab	Homo sapiens	taxon:2697049	USA	2020-01-29	Tao,Y., Queen,K., Zhang,J., Li,Y., Uehara,A., Paden,C.R., Lu,X., Lynch,B., Sakthivel,S.K.K., Whitaker,B.L., Kamili,S., Wang,L., Murray,J.R., Gerber,S.I., Lindstrom,S. and Tong,S.	Unpublished	Novel coronavirus 2019 California sequence	CA
MT027063.1	Severe acute respiratory syndrome coronavirus 2 isolate 2019-nCoV/USA-CA4/2020, complete genome	29882	Severe acute respiratory syndrome coronavirus 2	genomic RNA	2019-nCoV/USA-CA4/2020	oropharyngeal swab	Homo sapiens	taxon:2697049	USA	2020-01-29	Queen,K., Zhang,J., Li,Y., Tao,Y., Uehara,A., Paden,C.R., Lu,X., Lynch,B., Sakthivel,S.K.K., Whitaker,B.L., Kamili,S., Wang,L., Murray,J.R., Gerber,S.I., Lindstrom,S. and Tong,S.	Unpublished	Novel coronavirus 2019 sequences from California	CA
MT027062.1	Severe acute respiratory syndrome coronavirus 2 isolate 2019-nCoV/USA-CA3/2020, complete genome	29882	Severe acute respiratory syndrome coronavirus 2	genomic RNA	2019-nCoV/USA-CA3/2020	nasopharyngeal swab	Homo sapiens	taxon:2697049	USA	2020-01-29	Queen,K., Zhang,J., Li,Y., Tao,Y., Uehara,A., Paden,C.R., Lu,X., Lynch,B., Sakthivel,S.K.K., Whitaker,B.L., Kamili,S., Wang,L., Murray,J.R., Gerber,S.I., Lindstrom,S. and Tong,S.	Unpublished	Novel coronavirus 2019 sequences from California	CA
MT020881.1	Severe acute respiratory syndrome coronavirus 2 isolate 2019-nCoV/USA-WA1-F6/2020, complete genome	29882	Severe acute respiratory syndrome coronavirus 2	genomic RNA	2019-nCoV/USA-WA1-F6/2020	oropharyngeal swab	Homo sapiens	taxon:2697049	USA	2020-01-25	Queen,K., Tamin,A., Harcourt,J., Tao,Y., Paden,C.R., Zhang,J., Li,Y., Uehara,A., Lu,X., Kamili,S., Gautam,R., Wang,H., Murray,J.R., Gerber,S.I., Lindstrom,S., Thornburg,N. and Tong,S.	Unpublished	2019-NCoV WA1 culture isolates	WA
MT020880.1	Severe acute respiratory syndrome coronavirus 2 isolate 2019-nCoV/USA-WA1-A12/2020, complete genome	29882	Severe acute respiratory syndrome coronavirus 2	genomic RNA	2019-nCoV/USA-WA1-A12/2020	nasopharyngeal swab	Homo sapiens	taxon:2697049	USA	2020-01-25	Queen,K., Tamin,A., Harcourt,J., Tao,Y., Paden,C.R., Zhang,J., Li,Y., Uehara,A., Lu,X., Kamili,S., Gautam,R., Wang,H., Murray,J.R., Gerber,S.I., Lindstrom,S., Thornburg,N. and Tong,S.	Unpublished	2019-NCoV WA1 culture isolates	WA
MT019533.1	Severe acute respiratory syndrome coronavirus 2 isolate BetaCoV/Wuhan/IPBCAMS-WH-05/2020, complete genome	29883	Severe acute respiratory syndrome coronavirus 2	genomic RNA	BetaCoV/Wuhan/IPBCAMS-WH-05/2020	bronchoalveolar lavage fluid	Homo sapiens; male; age 61	taxon:2697049	China	2020-01-01	Ren,L., Wang,J., Jin,Q., Xiang,Z., Wu,Z., Wu,C., Liu,Y., Yang,J., Liu,B. and Li,M.	Submitted (04-FEB-2020) NHC Key Laboratory of Systems Biology of Pathogens and Christophe Merieux Laboratory, Institute of Pathogen Biology, Chinese Academy of Medical Sciences & Peking Union Medical College; China National Center for Bioinformation, No. 9 Dong Dan San Tiao, Dong Cheng District, Beijing 100061, China	Direct Submission	Hubei, Wuhan
MT019532.1	Severe acute respiratory syndrome coronavirus 2 isolate BetaCoV/Wuhan/IPBCAMS-WH-04/2019, complete genome	29890	Severe acute respiratory syndrome coronavirus 2	genomic RNA	BetaCoV/Wuhan/IPBCAMS-WH-04/2019	bronchoalveolar lavage fluid	Homo sapiens; female; age 52	taxon:2697049	China	2019-12-30	Ren,L., Wang,J., Jin,Q., Xiang,Z., Wu,Z., Wu,C., Liu,Y., Yang,J. and Liu,B.	Submitted (04-FEB-2020) NHC Key Laboratory of Systems Biology of Pathogens and Christophe Merieux Laboratory, Institute of Pathogen Biology, Chinese Academy of Medical Sciences & Peking Union Medical College, No. 9 Dong Dan San Tiao, Dong Cheng District, Beijing 100061, China	Direct Submission	Hubei, Wuhan
MT019531.1	Severe acute respiratory syndrome coronavirus 2 isolate BetaCoV/Wuhan/IPBCAMS-WH-03/2019, complete genome	29899	Severe acute respiratory syndrome coronavirus 2	genomic RNA	BetaCoV/Wuhan/IPBCAMS-WH-03/2019	bronchoalveolar lavage fluid	Homo sapiens; male; age 41	taxon:2697049	China	2019-12-30	Ren,L., Wang,J., Jin,Q., Xiang,Z., Wu,Z., Wu,C., Liu,Y., Yang,J. and Liu,B.	Submitted (04-FEB-2020) NHC Key Laboratory of Systems Biology of Pathogens and Christophe Merieux Laboratory, Institute of Pathogen Biology, Chinese Academy of Medical Sciences & Peking Union Medical College, No. 9 Dong Dan San Tiao, Dong Cheng District, Beijing 100061, China	Direct Submission	Hubei, Wuhan
MT019530.1	Severe acute respiratory syndrome coronavirus 2 isolate BetaCoV/Wuhan/IPBCAMS-WH-02/2019, complete genome	29889	Severe acute respiratory syndrome coronavirus 2	genomic RNA	BetaCoV/Wuhan/IPBCAMS-WH-02/2019	bronchoalveolar lavage fluid	Homo sapiens; female; age 49	taxon:2697049	China	2019-12-30	Ren,L., Wang,J., Jin,Q., Xiang,Z., Wu,Z., Wu,C., Liu,Y., Yang,J. and Liu,B.	Submitted (04-FEB-2020) NHC Key Laboratory of Systems Biology of Pathogens and Christophe Merieux Laboratory, Institute of Pathogen Biology, Chinese Academy of Medical Sciences & Peking Union Medical College, No. 9 Dong Dan San Tiao, Dong Cheng District, Beijing 100061, China	Direct Submission	Hubei, Wuhan
MT019529.1	Severe acute respiratory syndrome coronavirus 2 isolate BetaCoV/Wuhan/IPBCAMS-WH-01/2019, complete genome	29899	Severe acute respiratory syndrome coronavirus 2	genomic RNA	BetaCoV/Wuhan/IPBCAMS-WH-01/2019	bronchoalveolar lavage fluid	Homo sapiens; male; age 65	taxon:2697049	China	2019-12-23	Ren,L., Wang,J., Jin,Q., Xiang,Z., Li,Y., Wu,Z., Wu,C. and Liu,Y.	Submitted (04-FEB-2020) NHC Key Laboratory of Systems Biology of Pathogens and Christophe Merieux Laboratory, Institute of Pathogen Biology, Chinese Academy of Medical Sciences & Peking Union Medical College; Vision Medicals Co., Ltd, No. 9 Dong Dan San Tiao, Dong Cheng District, Beijing 100061, China	Direct Submission	Hubei, Wuhan
MT007544.1	Severe acute respiratory syndrome coronavirus 2 isolate Australia/VIC01/2020, complete genome	29893	Severe acute respiratory syndrome coronavirus 2	genomic RNA	Australia/VIC01/2020		Homo sapiens	taxon:2697049	Australia	2020-01-25	Caly,L., Seemann,T., Schultz,M., Druce,J. and Taiaroa,G.	Unpublished	Complete genome sequence of first Australian case of the 2019-nCoV corona virus, Australia/VIC01/2020	Victoria
MN997409.1	Severe acute respiratory syndrome coronavirus 2 isolate 2019-nCoV/USA-AZ1/2020, complete genome	29882	Severe acute respiratory syndrome coronavirus 2	genomic RNA	2019-nCoV/USA-AZ1/2020	buccal swab	Homo sapiens	taxon:2697049	USA	2020-01-22	Tao,Y., Paden,C.R., Queen,K., Uehara,A., Li,Y., Zhang,J., Lu,X., Lynch,B., Sakthivel,S.K.K., Whitaker,B.L., Kamili,S., Wang,L., Murray,J.R., Gerber,S.I., Lindstrom,S. and Tong,S.	Unpublished	nCoV-2019 sequence from Arizona case	AZ
MN994468.1	Severe acute respiratory syndrome coronavirus 2 isolate 2019-nCoV/USA-CA2/2020, complete genome	29883	Severe acute respiratory syndrome coronavirus 2	genomic RNA	2019-nCoV/USA-CA2/2020	nasopharyngeal swab	Homo sapiens	taxon:2697049	USA	2020-01-22	Uehara,A., Queen,K., Tao,Y., Li,Y., Paden,C.R., Zhang,J., Lu,X., Lynch,B., Sakthivel,S.K.K., Whitaker,B.L., Kamili,S., Wang,L., Murray,J.R., Gerber,S.I., Lindstrom,S. and Tong,S.	Unpublished	nCoV-2019 California case 2	CA
MN994467.1	Severe acute respiratory syndrome coronavirus 2 isolate 2019-nCoV/USA-CA1/2020, complete genome	29882	Severe acute respiratory syndrome coronavirus 2	genomic RNA	2019-nCoV/USA-CA1/2020	nasopharyngeal swab	Homo sapiens	taxon:2697049	USA	2020-01-23	Uehara,A., Queen,K., Tao,Y., Li,Y., Paden,C.R., Zhang,J., Lu,X., Lynch,B., Sakthivel,S.K.K., Whitaker,B.L., Kamili,S., Wang,L., Murray,J.R., Gerber,S.I., Lindstrom,S. and Tong,S.	Unpublished	nCoV-2019 California case 1	CA
MN988713.1	Severe acute respiratory syndrome coronavirus 2 isolate 2019-nCoV/USA-IL1/2020, complete genome	29882	Severe acute respiratory syndrome coronavirus 2	genomic RNA	2019-nCoV/USA-IL1/2020	sputum	Homo sapiens	taxon:2697049	USA	2020-01-21	Tao,Y., Queen,K., Paden,C.R., Zhang,J., Li,Y., Uehara,A., Lu,X., Lynch,B., Sakthivel,S.K.K., Whitaker,B.L., Kamili,S., Wang,L., Murray,J.R., Gerber,S.I., Lindstrom,S. and Tong,S.	Unpublished	Novel betacoronavirus, Illinois	Illinois
MN988669.1	Severe acute respiratory syndrome coronavirus 2 isolate 2019-nCoV WHU02, complete genome	29881	Severe acute respiratory syndrome coronavirus 2	genomic RNA	2019-nCoV/WHU02	BALF sample of 2019 Wuhan peumonia patient 02	Homo sapiens	taxon:2697049	China	2020-01-02	Chen,L., Liu,W., Zhang,Q., Xu,K., Ye,G., Wu,W., Sun,Z., Liu,F., Wu,K., Mei,Y., Zhang,W., Chen,Y., Li,Y., Shi,M., Lan,K. and Liu,Y.	Emerg Microbes Infect (2019) In press	RNA based mNGS approach identifies a novel human coronavirus from two individual pneumonia cases in 2019 Wuhan outbreak	
MN988668.1	Severe acute respiratory syndrome coronavirus 2 isolate 2019-nCoV WHU01, complete genome	29881	Severe acute respiratory syndrome coronavirus 2	genomic RNA	2019-nCoV/WHU01	BALF sample of 2019 Wuhan peumonia patient 01	Homo sapiens	taxon:2697049	China	2020-01-02	Chen,L., Liu,W., Zhang,Q., Xu,K., Ye,G., Wu,W., Sun,Z., Liu,F., Wu,K., Mei,Y., Zhang,W., Chen,Y., Li,Y., Shi,M., Lan,K. and Liu,Y.	Emerg Microbes Infect (2019) In press	RNA based mNGS approach identifies a novel human coronavirus from two individual pneumonia cases in 2019 Wuhan outbreak	
MN975262.1	Severe acute respiratory syndrome coronavirus 2 isolate 2019-nCoV_HKU-SZ-005b_2020, complete genome	29891	Severe acute respiratory syndrome coronavirus 2	genomic RNA	2019-nCoV_HKU-SZ-005b_2020	sputum	Homo sapiens	taxon:2697049	China	2020-01-11	Chan,J.F.-W., Yuan,S., Kok,K.H., To,K.K.-W., Chu,H., Yang,J., Xing,F., Liu,J., Yip,C.C.-Y., Poon,R.W.-S., Tsai,H.W., Lo,S.K.-F., Chan,K.H., Poon,V.K.-M., Chan,W.M., Ip,J.D., Cai,J.P., Cheng,V.C.-C., Chen,H., Hui,C.K.-M. and Yuen,K.Y.	Lancet (2020) In press	A familial cluster of pneumonia associated with the 2019 novel coronavirus indicating person-to-person transmission: a study of a family cluster	
MN938384.1	Severe acute respiratory syndrome coronavirus 2 isolate 2019-nCoV_HKU-SZ-002a_2020, complete genome	29838	Severe acute respiratory syndrome coronavirus 2	genomic RNA	2019-nCoV_HKU-SZ-002a_2020	nasopharyngeal swab	Homo sapiens	taxon:2697049	China	2020-01-10	Chan,J.F.-W., Yuan,S., Kok,K.H., To,K.K.-W., Chu,H., Yang,J., Xing,F., Liu,J., Yip,C.C.-Y., Poon,R.W.-S., Tsai,H.W., Lo,S.K.-F., Chan,K.H., Poon,V.K.-M., Chan,W.M., Ip,J.D., Cai,J.P., Cheng,V.C.-C., Chen,H., Hui,C.K.-M. and Yuen,K.Y.	Lancet (2020) In press	A familial cluster of pneumonia associated with the 2019 novel coronavirus indicating person-to-person transmission: a study of a family cluster	Shenzhen
